{
    "repoName": ".",
    "localUsernames": [
        "sipocz -> 30761411+sipocz@users.noreply.github.com"
    ],
    "remotes": {
        "origin": "53608daf17ced1de9e8de780ecbf3b72"
    },
    "primaryRemoteUrl": "53608daf17ced1de9e8de780ecbf3b72",
    "numberOfBranches": 1,
    "numberOfTags": 0,
    "commits": [
        {
            "authorName": "cc154e40b87a4928002fbb35a7b1b220",
            "authorEmail": "24f195f9c701eaddbd4b1b120bf544b9",
            "createdAt": "2020-09-20 21:48:26 +0200",
            "commitHash": "fc521ecc1530b691cb0be12a7a1022da54cb4647",
            "isMerge": false,
            "parents": [
                "23bb0a02c04924ab8befbb1f3aedafb87d36e0c4"
            ],
            "changedFiles": [
                {
                    "fileName": "bed06adae03a24b38d5c0fcc8a84b063.log",
                    "language": "",
                    "insertions": 192,
                    "deletions": 0
                },
                {
                    "fileName": "b6928b8a66691c47417587e3582bac80.py",
                    "language": "Python",
                    "insertions": 8,
                    "deletions": 17
                }
            ],
            "isDuplicated": false,
            "libraries": {
                "Python": [
                    "os",
                    "os",
                    "shutil",
                    "datetime",
                    "re",
                    "sys",
                    "datetime",
                    "path"
                ]
            }
        },
        {
            "authorName": "cc154e40b87a4928002fbb35a7b1b220",
            "authorEmail": "24f195f9c701eaddbd4b1b120bf544b9",
            "createdAt": "2020-09-20 16:37:35 +0200",
            "commitHash": "23bb0a02c04924ab8befbb1f3aedafb87d36e0c4",
            "isMerge": false,
            "parents": [
                "01611036ba2ac592d054fda9e283d0924e3d9914"
            ],
            "changedFiles": [
                {
                    "fileName": "001a92a1bec8fe3e184769e54067f1fc.csv",
                    "language": "",
                    "insertions": 0,
                    "deletions": 16
                },
                {
                    "fileName": "cdc71c67dd4a73aac173fc3e75deb0c3.csv",
                    "language": "",
                    "insertions": 0,
                    "deletions": 57
                },
                {
                    "fileName": "27c20f930e6cfb5db480c5db53996200.csv",
                    "language": "",
                    "insertions": 0,
                    "deletions": 94
                },
                {
                    "fileName": "56e7bf60e27bfbb0a0ae03e2d5388747.csv",
                    "language": "",
                    "insertions": 0,
                    "deletions": 47
                },
                {
                    "fileName": "68547c5187a8015530a3df36e02df387.csv",
                    "language": "",
                    "insertions": 0,
                    "deletions": 44
                },
                {
                    "fileName": "245edfef53a1b2241cb724ebe4ff0d73.csv",
                    "language": "",
                    "insertions": 0,
                    "deletions": 29
                },
                {
                    "fileName": "31dd426a3d98bb894a9dcce0f040bde2.csv",
                    "language": "",
                    "insertions": 0,
                    "deletions": 43
                },
                {
                    "fileName": "d8c1d7d96ec4dc05d1c3817486fb0435.csv",
                    "language": "",
                    "insertions": 0,
                    "deletions": 21
                },
                {
                    "fileName": "04056586f5afb471072ddb3075cecf86.csv",
                    "language": "",
                    "insertions": 0,
                    "deletions": 64
                },
                {
                    "fileName": "31ed60a7597816c1279b93ed87109bbc.csv",
                    "language": "",
                    "insertions": 0,
                    "deletions": 57
                },
                {
                    "fileName": "1efe1abcabcaae1197b9a8b4cdc8560e.csv",
                    "language": "",
                    "insertions": 0,
                    "deletions": 52
                },
                {
                    "fileName": "bed06adae03a24b38d5c0fcc8a84b063.log",
                    "language": "",
                    "insertions": 12452,
                    "deletions": 0
                },
                {
                    "fileName": "b6928b8a66691c47417587e3582bac80.py",
                    "language": "Python",
                    "insertions": 8,
                    "deletions": 3
                },
                {
                    "fileName": "0d879ca7b3bb838527aaec8f0628ba8d.csv",
                    "language": "",
                    "insertions": 0,
                    "deletions": 3
                },
                {
                    "fileName": "66c043e24fb8a97981b42a00e40897f7.csv",
                    "language": "",
                    "insertions": 0,
                    "deletions": 17
                },
                {
                    "fileName": "77573f9113130229dd0e4a2e97a0168a.csv",
                    "language": "",
                    "insertions": 0,
                    "deletions": 57
                },
                {
                    "fileName": "0629a767bbf0e4df4589a4979fbaff5e.csv",
                    "language": "",
                    "insertions": 0,
                    "deletions": 3
                },
                {
                    "fileName": "1f250c11af21f0ba91de57bc4898fb6b.csv",
                    "language": "",
                    "insertions": 0,
                    "deletions": 94
                },
                {
                    "fileName": "bf10f39ccda3125fc6c196154b038999.csv",
                    "language": "",
                    "insertions": 0,
                    "deletions": 64
                },
                {
                    "fileName": "3fbe9606389c4dac389782406b963691.csv",
                    "language": "",
                    "insertions": 0,
                    "deletions": 29
                },
                {
                    "fileName": "c5e91e674284ce6519edcc1c6d7c240b.csv",
                    "language": "",
                    "insertions": 0,
                    "deletions": 47
                },
                {
                    "fileName": "94fa4311d6e88dd75e9e069c773cbc91.csv",
                    "language": "",
                    "insertions": 0,
                    "deletions": 3
                },
                {
                    "fileName": "e98fb1fada140ef31d6919c9ad688f5d.csv",
                    "language": "",
                    "insertions": 0,
                    "deletions": 44
                },
                {
                    "fileName": "b61ce7f68e039c399d3d13f1c56f6da3.csv",
                    "language": "",
                    "insertions": 0,
                    "deletions": 3
                },
                {
                    "fileName": "74073d8854e58f6a27be391e02fc4116.csv",
                    "language": "",
                    "insertions": 0,
                    "deletions": 94
                },
                {
                    "fileName": "7f958392533d5d3c909af8cef15447ee.csv",
                    "language": "",
                    "insertions": 0,
                    "deletions": 29
                },
                {
                    "fileName": "c5a3af9b1ae0535602dcf06afc2dc01e.csv",
                    "language": "",
                    "insertions": 0,
                    "deletions": 3
                },
                {
                    "fileName": "f020382ab2e39916a9575a384eb34636.csv",
                    "language": "",
                    "insertions": 0,
                    "deletions": 94
                },
                {
                    "fileName": "809bb5584eb5de7c8e362e2bcc1a7137.csv",
                    "language": "",
                    "insertions": 0,
                    "deletions": 1
                },
                {
                    "fileName": "72eb93f665358307909368b65f7f4ca4.csv",
                    "language": "",
                    "insertions": 0,
                    "deletions": 94
                },
                {
                    "fileName": "b748577932007c061bf33511d941fc7c.csv",
                    "language": "",
                    "insertions": 0,
                    "deletions": 4
                },
                {
                    "fileName": "d375c598c7d27d987ea4e73231ccebe2.csv",
                    "language": "",
                    "insertions": 0,
                    "deletions": 94
                },
                {
                    "fileName": "2109e2b5c21605751ad15fbe71b545cd.csv",
                    "language": "",
                    "insertions": 0,
                    "deletions": 16
                },
                {
                    "fileName": "83d6e7a49fb82c28fdd1616bbc0606ad.csv",
                    "language": "",
                    "insertions": 0,
                    "deletions": 57
                },
                {
                    "fileName": "fc2bee57e4f529c29e7779449e4a6853.csv",
                    "language": "",
                    "insertions": 0,
                    "deletions": 94
                },
                {
                    "fileName": "a51bcef62a16fdc05a44dca5b775292e.csv",
                    "language": "",
                    "insertions": 0,
                    "deletions": 47
                },
                {
                    "fileName": "b98408751db743d689ae142487614c2a.csv",
                    "language": "",
                    "insertions": 0,
                    "deletions": 44
                },
                {
                    "fileName": "a3a89bc4ca035bfb8d7cbf4982f2ec61.csv",
                    "language": "",
                    "insertions": 0,
                    "deletions": 29
                },
                {
                    "fileName": "00ea50471083367390879f6b6479ad29.csv",
                    "language": "",
                    "insertions": 0,
                    "deletions": 43
                },
                {
                    "fileName": "b7af0aaeab703aa8fb22f48c5dae51a5.csv",
                    "language": "",
                    "insertions": 0,
                    "deletions": 21
                },
                {
                    "fileName": "d2d5dd8634e1d926b2e8914c310a8780.csv",
                    "language": "",
                    "insertions": 0,
                    "deletions": 64
                },
                {
                    "fileName": "2bff0c873c32e24265711c5c9e4ebfd4.csv",
                    "language": "",
                    "insertions": 0,
                    "deletions": 57
                },
                {
                    "fileName": "541b008952633c544b9b90f61bf58fcd.csv",
                    "language": "",
                    "insertions": 0,
                    "deletions": 52
                }
            ],
            "isDuplicated": false,
            "libraries": {
                "Python": [
                    "os",
                    "os",
                    "shutil",
                    "datetime",
                    "re",
                    "sys",
                    "datetime",
                    "path"
                ]
            }
        },
        {
            "authorName": "cc154e40b87a4928002fbb35a7b1b220",
            "authorEmail": "24f195f9c701eaddbd4b1b120bf544b9",
            "createdAt": "2020-09-20 15:51:24 +0200",
            "commitHash": "01611036ba2ac592d054fda9e283d0924e3d9914",
            "isMerge": false,
            "parents": [
                "6fcac4d9af44ff27f629865d502dd89e50020564"
            ],
            "changedFiles": [
                {
                    "fileName": "b6928b8a66691c47417587e3582bac80.py",
                    "language": "Python",
                    "insertions": 1,
                    "deletions": 1
                }
            ],
            "isDuplicated": false,
            "libraries": {
                "Python": [
                    "os",
                    "os",
                    "shutil",
                    "datetime",
                    "re",
                    "sys",
                    "datetime",
                    "path"
                ]
            }
        },
        {
            "authorName": "cc154e40b87a4928002fbb35a7b1b220",
            "authorEmail": "24f195f9c701eaddbd4b1b120bf544b9",
            "createdAt": "2020-09-20 15:51:02 +0200",
            "commitHash": "6fcac4d9af44ff27f629865d502dd89e50020564",
            "isMerge": false,
            "parents": [
                "0d0427764e483ba3ef5207d7178a2df5eb3d1585"
            ],
            "changedFiles": [
                {
                    "fileName": "001a92a1bec8fe3e184769e54067f1fc.csv",
                    "language": "",
                    "insertions": 16,
                    "deletions": 0
                },
                {
                    "fileName": "cdc71c67dd4a73aac173fc3e75deb0c3.csv",
                    "language": "",
                    "insertions": 57,
                    "deletions": 0
                },
                {
                    "fileName": "27c20f930e6cfb5db480c5db53996200.csv",
                    "language": "",
                    "insertions": 94,
                    "deletions": 0
                },
                {
                    "fileName": "56e7bf60e27bfbb0a0ae03e2d5388747.csv",
                    "language": "",
                    "insertions": 47,
                    "deletions": 0
                },
                {
                    "fileName": "68547c5187a8015530a3df36e02df387.csv",
                    "language": "",
                    "insertions": 44,
                    "deletions": 0
                },
                {
                    "fileName": "245edfef53a1b2241cb724ebe4ff0d73.csv",
                    "language": "",
                    "insertions": 29,
                    "deletions": 0
                },
                {
                    "fileName": "31dd426a3d98bb894a9dcce0f040bde2.csv",
                    "language": "",
                    "insertions": 43,
                    "deletions": 0
                },
                {
                    "fileName": "d8c1d7d96ec4dc05d1c3817486fb0435.csv",
                    "language": "",
                    "insertions": 21,
                    "deletions": 0
                },
                {
                    "fileName": "04056586f5afb471072ddb3075cecf86.csv",
                    "language": "",
                    "insertions": 64,
                    "deletions": 0
                },
                {
                    "fileName": "31ed60a7597816c1279b93ed87109bbc.csv",
                    "language": "",
                    "insertions": 57,
                    "deletions": 0
                },
                {
                    "fileName": "1efe1abcabcaae1197b9a8b4cdc8560e.csv",
                    "language": "",
                    "insertions": 52,
                    "deletions": 0
                },
                {
                    "fileName": "bed06adae03a24b38d5c0fcc8a84b063.log",
                    "language": "",
                    "insertions": 8462,
                    "deletions": 0
                },
                {
                    "fileName": "b6928b8a66691c47417587e3582bac80.py",
                    "language": "Python",
                    "insertions": 13,
                    "deletions": 1
                },
                {
                    "fileName": "66c043e24fb8a97981b42a00e40897f7.csv",
                    "language": "",
                    "insertions": 17,
                    "deletions": 0
                },
                {
                    "fileName": "77573f9113130229dd0e4a2e97a0168a.csv",
                    "language": "",
                    "insertions": 57,
                    "deletions": 0
                },
                {
                    "fileName": "0629a767bbf0e4df4589a4979fbaff5e.csv",
                    "language": "",
                    "insertions": 3,
                    "deletions": 0
                },
                {
                    "fileName": "1f250c11af21f0ba91de57bc4898fb6b.csv",
                    "language": "",
                    "insertions": 94,
                    "deletions": 0
                },
                {
                    "fileName": "bf10f39ccda3125fc6c196154b038999.csv",
                    "language": "",
                    "insertions": 64,
                    "deletions": 0
                },
                {
                    "fileName": "3fbe9606389c4dac389782406b963691.csv",
                    "language": "",
                    "insertions": 29,
                    "deletions": 0
                },
                {
                    "fileName": "c5e91e674284ce6519edcc1c6d7c240b.csv",
                    "language": "",
                    "insertions": 47,
                    "deletions": 0
                },
                {
                    "fileName": "94fa4311d6e88dd75e9e069c773cbc91.csv",
                    "language": "",
                    "insertions": 3,
                    "deletions": 0
                },
                {
                    "fileName": "e98fb1fada140ef31d6919c9ad688f5d.csv",
                    "language": "",
                    "insertions": 44,
                    "deletions": 0
                },
                {
                    "fileName": "b61ce7f68e039c399d3d13f1c56f6da3.csv",
                    "language": "",
                    "insertions": 3,
                    "deletions": 0
                },
                {
                    "fileName": "74073d8854e58f6a27be391e02fc4116.csv",
                    "language": "",
                    "insertions": 94,
                    "deletions": 0
                },
                {
                    "fileName": "7f958392533d5d3c909af8cef15447ee.csv",
                    "language": "",
                    "insertions": 29,
                    "deletions": 0
                },
                {
                    "fileName": "c5a3af9b1ae0535602dcf06afc2dc01e.csv",
                    "language": "",
                    "insertions": 3,
                    "deletions": 0
                },
                {
                    "fileName": "f020382ab2e39916a9575a384eb34636.csv",
                    "language": "",
                    "insertions": 94,
                    "deletions": 0
                },
                {
                    "fileName": "809bb5584eb5de7c8e362e2bcc1a7137.csv",
                    "language": "",
                    "insertions": 1,
                    "deletions": 0
                },
                {
                    "fileName": "72eb93f665358307909368b65f7f4ca4.csv",
                    "language": "",
                    "insertions": 94,
                    "deletions": 0
                },
                {
                    "fileName": "b748577932007c061bf33511d941fc7c.csv",
                    "language": "",
                    "insertions": 4,
                    "deletions": 0
                },
                {
                    "fileName": "d375c598c7d27d987ea4e73231ccebe2.csv",
                    "language": "",
                    "insertions": 94,
                    "deletions": 0
                },
                {
                    "fileName": "2109e2b5c21605751ad15fbe71b545cd.csv",
                    "language": "",
                    "insertions": 16,
                    "deletions": 0
                },
                {
                    "fileName": "83d6e7a49fb82c28fdd1616bbc0606ad.csv",
                    "language": "",
                    "insertions": 57,
                    "deletions": 0
                },
                {
                    "fileName": "fc2bee57e4f529c29e7779449e4a6853.csv",
                    "language": "",
                    "insertions": 94,
                    "deletions": 0
                },
                {
                    "fileName": "a51bcef62a16fdc05a44dca5b775292e.csv",
                    "language": "",
                    "insertions": 47,
                    "deletions": 0
                },
                {
                    "fileName": "b98408751db743d689ae142487614c2a.csv",
                    "language": "",
                    "insertions": 44,
                    "deletions": 0
                },
                {
                    "fileName": "a3a89bc4ca035bfb8d7cbf4982f2ec61.csv",
                    "language": "",
                    "insertions": 29,
                    "deletions": 0
                },
                {
                    "fileName": "00ea50471083367390879f6b6479ad29.csv",
                    "language": "",
                    "insertions": 43,
                    "deletions": 0
                },
                {
                    "fileName": "b7af0aaeab703aa8fb22f48c5dae51a5.csv",
                    "language": "",
                    "insertions": 21,
                    "deletions": 0
                },
                {
                    "fileName": "d2d5dd8634e1d926b2e8914c310a8780.csv",
                    "language": "",
                    "insertions": 64,
                    "deletions": 0
                },
                {
                    "fileName": "2bff0c873c32e24265711c5c9e4ebfd4.csv",
                    "language": "",
                    "insertions": 57,
                    "deletions": 0
                },
                {
                    "fileName": "541b008952633c544b9b90f61bf58fcd.csv",
                    "language": "",
                    "insertions": 52,
                    "deletions": 0
                },
                {
                    "fileName": "2e474d1d078413e289346d8b47c2940d.csv",
                    "language": "",
                    "insertions": 17,
                    "deletions": 0
                },
                {
                    "fileName": "bb353b771fcff921b28672d29a63ede9.csv",
                    "language": "",
                    "insertions": 57,
                    "deletions": 0
                },
                {
                    "fileName": "0986180be2dda52f930755fdf4f4cbc4.csv",
                    "language": "",
                    "insertions": 3,
                    "deletions": 0
                },
                {
                    "fileName": "47c67e74a8b060a0db76e6c43e22f662.csv",
                    "language": "",
                    "insertions": 94,
                    "deletions": 0
                },
                {
                    "fileName": "ac9133a6f68ca653af7e23515bfe9f6d.csv",
                    "language": "",
                    "insertions": 64,
                    "deletions": 0
                },
                {
                    "fileName": "ca963d56709b88d60b8b620f7c1a7108.csv",
                    "language": "",
                    "insertions": 29,
                    "deletions": 0
                },
                {
                    "fileName": "7fff78473d6ac53dcef726c09a210d8b.csv",
                    "language": "",
                    "insertions": 47,
                    "deletions": 0
                },
                {
                    "fileName": "c3d41fbce848f6637455f4f66c27d780.csv",
                    "language": "",
                    "insertions": 3,
                    "deletions": 0
                },
                {
                    "fileName": "9c38c8c6bf2881f30956086d8c48aea1.csv",
                    "language": "",
                    "insertions": 44,
                    "deletions": 0
                },
                {
                    "fileName": "2a56d29ce5e314d2c39544071825c6e6.csv",
                    "language": "",
                    "insertions": 3,
                    "deletions": 0
                },
                {
                    "fileName": "5cebaf419debe2512abcafffda12394d.csv",
                    "language": "",
                    "insertions": 94,
                    "deletions": 0
                },
                {
                    "fileName": "f68eb8009b87728e0f54968310694ede.csv",
                    "language": "",
                    "insertions": 29,
                    "deletions": 0
                },
                {
                    "fileName": "bcc8106f6d48bbeac35f7315d8076508.csv",
                    "language": "",
                    "insertions": 3,
                    "deletions": 0
                },
                {
                    "fileName": "7b61f90d006a56ea66bad88dd5ae18dc.csv",
                    "language": "",
                    "insertions": 94,
                    "deletions": 0
                },
                {
                    "fileName": "404e8e376cb19df1ed47381369f2ba44.csv",
                    "language": "",
                    "insertions": 1,
                    "deletions": 0
                },
                {
                    "fileName": "495d0e288eadec151f09e30069b841d7.csv",
                    "language": "",
                    "insertions": 94,
                    "deletions": 0
                },
                {
                    "fileName": "c8525880f73ed00eeb06e88c19450789.csv",
                    "language": "",
                    "insertions": 4,
                    "deletions": 0
                },
                {
                    "fileName": "8337bdb4e07b6c06f6bfc5950d14ca86.csv",
                    "language": "",
                    "insertions": 94,
                    "deletions": 0
                }
            ],
            "isDuplicated": false,
            "libraries": {
                "Python": [
                    "os",
                    "os",
                    "shutil",
                    "datetime",
                    "re",
                    "sys",
                    "datetime",
                    "path"
                ]
            }
        },
        {
            "authorName": "cc154e40b87a4928002fbb35a7b1b220",
            "authorEmail": "24f195f9c701eaddbd4b1b120bf544b9",
            "createdAt": "2020-09-19 23:46:38 +0200",
            "commitHash": "0d0427764e483ba3ef5207d7178a2df5eb3d1585",
            "isMerge": false,
            "parents": [
                "7b50468ef0524366e27cdc18157fa353bf2ed0d7"
            ],
            "changedFiles": [
                {
                    "fileName": "001a92a1bec8fe3e184769e54067f1fc.csv",
                    "language": "",
                    "insertions": 0,
                    "deletions": 16
                },
                {
                    "fileName": "cdc71c67dd4a73aac173fc3e75deb0c3.csv",
                    "language": "",
                    "insertions": 0,
                    "deletions": 57
                },
                {
                    "fileName": "27c20f930e6cfb5db480c5db53996200.csv",
                    "language": "",
                    "insertions": 0,
                    "deletions": 94
                },
                {
                    "fileName": "56e7bf60e27bfbb0a0ae03e2d5388747.csv",
                    "language": "",
                    "insertions": 0,
                    "deletions": 47
                },
                {
                    "fileName": "68547c5187a8015530a3df36e02df387.csv",
                    "language": "",
                    "insertions": 0,
                    "deletions": 44
                },
                {
                    "fileName": "245edfef53a1b2241cb724ebe4ff0d73.csv",
                    "language": "",
                    "insertions": 0,
                    "deletions": 29
                },
                {
                    "fileName": "31dd426a3d98bb894a9dcce0f040bde2.csv",
                    "language": "",
                    "insertions": 0,
                    "deletions": 43
                },
                {
                    "fileName": "d8c1d7d96ec4dc05d1c3817486fb0435.csv",
                    "language": "",
                    "insertions": 0,
                    "deletions": 21
                },
                {
                    "fileName": "04056586f5afb471072ddb3075cecf86.csv",
                    "language": "",
                    "insertions": 0,
                    "deletions": 64
                },
                {
                    "fileName": "31ed60a7597816c1279b93ed87109bbc.csv",
                    "language": "",
                    "insertions": 0,
                    "deletions": 57
                },
                {
                    "fileName": "1efe1abcabcaae1197b9a8b4cdc8560e.csv",
                    "language": "",
                    "insertions": 0,
                    "deletions": 52
                },
                {
                    "fileName": "35eb602c33cf1c8d7a3fb74e12111726.log",
                    "language": "",
                    "insertions": 6366,
                    "deletions": 0
                },
                {
                    "fileName": "b6928b8a66691c47417587e3582bac80.py",
                    "language": "Python",
                    "insertions": 7,
                    "deletions": 2
                },
                {
                    "fileName": "66c043e24fb8a97981b42a00e40897f7.csv",
                    "language": "",
                    "insertions": 0,
                    "deletions": 17
                },
                {
                    "fileName": "77573f9113130229dd0e4a2e97a0168a.csv",
                    "language": "",
                    "insertions": 0,
                    "deletions": 57
                },
                {
                    "fileName": "0629a767bbf0e4df4589a4979fbaff5e.csv",
                    "language": "",
                    "insertions": 0,
                    "deletions": 3
                },
                {
                    "fileName": "1f250c11af21f0ba91de57bc4898fb6b.csv",
                    "language": "",
                    "insertions": 0,
                    "deletions": 94
                },
                {
                    "fileName": "bf10f39ccda3125fc6c196154b038999.csv",
                    "language": "",
                    "insertions": 0,
                    "deletions": 64
                },
                {
                    "fileName": "3fbe9606389c4dac389782406b963691.csv",
                    "language": "",
                    "insertions": 0,
                    "deletions": 29
                },
                {
                    "fileName": "c5e91e674284ce6519edcc1c6d7c240b.csv",
                    "language": "",
                    "insertions": 0,
                    "deletions": 47
                },
                {
                    "fileName": "94fa4311d6e88dd75e9e069c773cbc91.csv",
                    "language": "",
                    "insertions": 0,
                    "deletions": 3
                },
                {
                    "fileName": "e98fb1fada140ef31d6919c9ad688f5d.csv",
                    "language": "",
                    "insertions": 0,
                    "deletions": 44
                },
                {
                    "fileName": "b61ce7f68e039c399d3d13f1c56f6da3.csv",
                    "language": "",
                    "insertions": 0,
                    "deletions": 3
                },
                {
                    "fileName": "74073d8854e58f6a27be391e02fc4116.csv",
                    "language": "",
                    "insertions": 0,
                    "deletions": 94
                },
                {
                    "fileName": "7f958392533d5d3c909af8cef15447ee.csv",
                    "language": "",
                    "insertions": 0,
                    "deletions": 29
                },
                {
                    "fileName": "c5a3af9b1ae0535602dcf06afc2dc01e.csv",
                    "language": "",
                    "insertions": 0,
                    "deletions": 3
                },
                {
                    "fileName": "f020382ab2e39916a9575a384eb34636.csv",
                    "language": "",
                    "insertions": 0,
                    "deletions": 94
                },
                {
                    "fileName": "809bb5584eb5de7c8e362e2bcc1a7137.csv",
                    "language": "",
                    "insertions": 0,
                    "deletions": 1
                },
                {
                    "fileName": "72eb93f665358307909368b65f7f4ca4.csv",
                    "language": "",
                    "insertions": 0,
                    "deletions": 94
                },
                {
                    "fileName": "b748577932007c061bf33511d941fc7c.csv",
                    "language": "",
                    "insertions": 0,
                    "deletions": 4
                },
                {
                    "fileName": "d375c598c7d27d987ea4e73231ccebe2.csv",
                    "language": "",
                    "insertions": 0,
                    "deletions": 94
                },
                {
                    "fileName": "2109e2b5c21605751ad15fbe71b545cd.csv",
                    "language": "",
                    "insertions": 0,
                    "deletions": 16
                },
                {
                    "fileName": "83d6e7a49fb82c28fdd1616bbc0606ad.csv",
                    "language": "",
                    "insertions": 0,
                    "deletions": 57
                },
                {
                    "fileName": "fc2bee57e4f529c29e7779449e4a6853.csv",
                    "language": "",
                    "insertions": 0,
                    "deletions": 94
                },
                {
                    "fileName": "a51bcef62a16fdc05a44dca5b775292e.csv",
                    "language": "",
                    "insertions": 0,
                    "deletions": 47
                },
                {
                    "fileName": "b98408751db743d689ae142487614c2a.csv",
                    "language": "",
                    "insertions": 0,
                    "deletions": 44
                },
                {
                    "fileName": "a3a89bc4ca035bfb8d7cbf4982f2ec61.csv",
                    "language": "",
                    "insertions": 0,
                    "deletions": 29
                },
                {
                    "fileName": "00ea50471083367390879f6b6479ad29.csv",
                    "language": "",
                    "insertions": 0,
                    "deletions": 43
                },
                {
                    "fileName": "b7af0aaeab703aa8fb22f48c5dae51a5.csv",
                    "language": "",
                    "insertions": 0,
                    "deletions": 21
                },
                {
                    "fileName": "d2d5dd8634e1d926b2e8914c310a8780.csv",
                    "language": "",
                    "insertions": 0,
                    "deletions": 64
                },
                {
                    "fileName": "2bff0c873c32e24265711c5c9e4ebfd4.csv",
                    "language": "",
                    "insertions": 0,
                    "deletions": 57
                },
                {
                    "fileName": "541b008952633c544b9b90f61bf58fcd.csv",
                    "language": "",
                    "insertions": 0,
                    "deletions": 52
                }
            ],
            "isDuplicated": false,
            "libraries": {
                "Python": [
                    "os",
                    "os",
                    "shutil",
                    "datetime",
                    "re",
                    "sys",
                    "datetime",
                    "path"
                ]
            }
        },
        {
            "authorName": "cc154e40b87a4928002fbb35a7b1b220",
            "authorEmail": "24f195f9c701eaddbd4b1b120bf544b9",
            "createdAt": "2020-09-19 23:46:31 +0200",
            "commitHash": "7b50468ef0524366e27cdc18157fa353bf2ed0d7",
            "isMerge": false,
            "parents": [
                "6860217a946220875be55b40f236e597147316cc"
            ],
            "changedFiles": [
                {
                    "fileName": "1c6aac0280240c97962b30423f1f852b.bat",
                    "language": "Batchfile",
                    "insertions": 3,
                    "deletions": 0
                }
            ],
            "isDuplicated": false
        },
        {
            "authorName": "cc154e40b87a4928002fbb35a7b1b220",
            "authorEmail": "24f195f9c701eaddbd4b1b120bf544b9",
            "createdAt": "2020-09-19 23:14:50 +0200",
            "commitHash": "6860217a946220875be55b40f236e597147316cc",
            "isMerge": false,
            "parents": [
                "93a8b38c169605d87299ffa1b251869df0ae90a7"
            ],
            "changedFiles": [
                {
                    "fileName": "001a92a1bec8fe3e184769e54067f1fc.csv",
                    "language": "",
                    "insertions": 16,
                    "deletions": 0
                },
                {
                    "fileName": "cdc71c67dd4a73aac173fc3e75deb0c3.csv",
                    "language": "",
                    "insertions": 57,
                    "deletions": 0
                },
                {
                    "fileName": "27c20f930e6cfb5db480c5db53996200.csv",
                    "language": "",
                    "insertions": 94,
                    "deletions": 0
                },
                {
                    "fileName": "56e7bf60e27bfbb0a0ae03e2d5388747.csv",
                    "language": "",
                    "insertions": 47,
                    "deletions": 0
                },
                {
                    "fileName": "68547c5187a8015530a3df36e02df387.csv",
                    "language": "",
                    "insertions": 44,
                    "deletions": 0
                },
                {
                    "fileName": "245edfef53a1b2241cb724ebe4ff0d73.csv",
                    "language": "",
                    "insertions": 29,
                    "deletions": 0
                },
                {
                    "fileName": "31dd426a3d98bb894a9dcce0f040bde2.csv",
                    "language": "",
                    "insertions": 43,
                    "deletions": 0
                },
                {
                    "fileName": "d8c1d7d96ec4dc05d1c3817486fb0435.csv",
                    "language": "",
                    "insertions": 21,
                    "deletions": 0
                },
                {
                    "fileName": "04056586f5afb471072ddb3075cecf86.csv",
                    "language": "",
                    "insertions": 64,
                    "deletions": 0
                },
                {
                    "fileName": "31ed60a7597816c1279b93ed87109bbc.csv",
                    "language": "",
                    "insertions": 57,
                    "deletions": 0
                },
                {
                    "fileName": "1efe1abcabcaae1197b9a8b4cdc8560e.csv",
                    "language": "",
                    "insertions": 52,
                    "deletions": 0
                },
                {
                    "fileName": "66c043e24fb8a97981b42a00e40897f7.csv",
                    "language": "",
                    "insertions": 17,
                    "deletions": 0
                },
                {
                    "fileName": "77573f9113130229dd0e4a2e97a0168a.csv",
                    "language": "",
                    "insertions": 57,
                    "deletions": 0
                },
                {
                    "fileName": "0629a767bbf0e4df4589a4979fbaff5e.csv",
                    "language": "",
                    "insertions": 3,
                    "deletions": 0
                },
                {
                    "fileName": "1f250c11af21f0ba91de57bc4898fb6b.csv",
                    "language": "",
                    "insertions": 94,
                    "deletions": 0
                },
                {
                    "fileName": "bf10f39ccda3125fc6c196154b038999.csv",
                    "language": "",
                    "insertions": 64,
                    "deletions": 0
                },
                {
                    "fileName": "3fbe9606389c4dac389782406b963691.csv",
                    "language": "",
                    "insertions": 29,
                    "deletions": 0
                },
                {
                    "fileName": "c5e91e674284ce6519edcc1c6d7c240b.csv",
                    "language": "",
                    "insertions": 47,
                    "deletions": 0
                },
                {
                    "fileName": "94fa4311d6e88dd75e9e069c773cbc91.csv",
                    "language": "",
                    "insertions": 3,
                    "deletions": 0
                },
                {
                    "fileName": "e98fb1fada140ef31d6919c9ad688f5d.csv",
                    "language": "",
                    "insertions": 44,
                    "deletions": 0
                },
                {
                    "fileName": "b61ce7f68e039c399d3d13f1c56f6da3.csv",
                    "language": "",
                    "insertions": 3,
                    "deletions": 0
                },
                {
                    "fileName": "74073d8854e58f6a27be391e02fc4116.csv",
                    "language": "",
                    "insertions": 94,
                    "deletions": 0
                },
                {
                    "fileName": "7f958392533d5d3c909af8cef15447ee.csv",
                    "language": "",
                    "insertions": 29,
                    "deletions": 0
                },
                {
                    "fileName": "c5a3af9b1ae0535602dcf06afc2dc01e.csv",
                    "language": "",
                    "insertions": 3,
                    "deletions": 0
                },
                {
                    "fileName": "f020382ab2e39916a9575a384eb34636.csv",
                    "language": "",
                    "insertions": 94,
                    "deletions": 0
                },
                {
                    "fileName": "809bb5584eb5de7c8e362e2bcc1a7137.csv",
                    "language": "",
                    "insertions": 1,
                    "deletions": 0
                },
                {
                    "fileName": "72eb93f665358307909368b65f7f4ca4.csv",
                    "language": "",
                    "insertions": 94,
                    "deletions": 0
                },
                {
                    "fileName": "b748577932007c061bf33511d941fc7c.csv",
                    "language": "",
                    "insertions": 4,
                    "deletions": 0
                },
                {
                    "fileName": "d375c598c7d27d987ea4e73231ccebe2.csv",
                    "language": "",
                    "insertions": 94,
                    "deletions": 0
                }
            ],
            "isDuplicated": false
        },
        {
            "authorName": "cc154e40b87a4928002fbb35a7b1b220",
            "authorEmail": "24f195f9c701eaddbd4b1b120bf544b9",
            "createdAt": "2020-09-19 23:10:11 +0200",
            "commitHash": "93a8b38c169605d87299ffa1b251869df0ae90a7",
            "isMerge": false,
            "parents": [
                "88ab01048831f6179b51e403ba7a4073e7f18f39"
            ],
            "changedFiles": [
                {
                    "fileName": "001a92a1bec8fe3e184769e54067f1fc.csv",
                    "language": "",
                    "insertions": 0,
                    "deletions": 16
                },
                {
                    "fileName": "cdc71c67dd4a73aac173fc3e75deb0c3.csv",
                    "language": "",
                    "insertions": 0,
                    "deletions": 59
                },
                {
                    "fileName": "27c20f930e6cfb5db480c5db53996200.csv",
                    "language": "",
                    "insertions": 0,
                    "deletions": 94
                },
                {
                    "fileName": "56e7bf60e27bfbb0a0ae03e2d5388747.csv",
                    "language": "",
                    "insertions": 0,
                    "deletions": 47
                },
                {
                    "fileName": "68547c5187a8015530a3df36e02df387.csv",
                    "language": "",
                    "insertions": 0,
                    "deletions": 44
                },
                {
                    "fileName": "245edfef53a1b2241cb724ebe4ff0d73.csv",
                    "language": "",
                    "insertions": 0,
                    "deletions": 29
                },
                {
                    "fileName": "31dd426a3d98bb894a9dcce0f040bde2.csv",
                    "language": "",
                    "insertions": 0,
                    "deletions": 43
                },
                {
                    "fileName": "d8c1d7d96ec4dc05d1c3817486fb0435.csv",
                    "language": "",
                    "insertions": 0,
                    "deletions": 21
                },
                {
                    "fileName": "04056586f5afb471072ddb3075cecf86.csv",
                    "language": "",
                    "insertions": 0,
                    "deletions": 64
                },
                {
                    "fileName": "31ed60a7597816c1279b93ed87109bbc.csv",
                    "language": "",
                    "insertions": 0,
                    "deletions": 58
                },
                {
                    "fileName": "35eb602c33cf1c8d7a3fb74e12111726.log",
                    "language": "",
                    "insertions": 37703,
                    "deletions": 0
                },
                {
                    "fileName": "b6928b8a66691c47417587e3582bac80.py",
                    "language": "Python",
                    "insertions": 27,
                    "deletions": 9
                },
                {
                    "fileName": "2109e2b5c21605751ad15fbe71b545cd.csv",
                    "language": "",
                    "insertions": 16,
                    "deletions": 0
                },
                {
                    "fileName": "83d6e7a49fb82c28fdd1616bbc0606ad.csv",
                    "language": "",
                    "insertions": 57,
                    "deletions": 0
                },
                {
                    "fileName": "fc2bee57e4f529c29e7779449e4a6853.csv",
                    "language": "",
                    "insertions": 94,
                    "deletions": 0
                },
                {
                    "fileName": "a51bcef62a16fdc05a44dca5b775292e.csv",
                    "language": "",
                    "insertions": 47,
                    "deletions": 0
                },
                {
                    "fileName": "b98408751db743d689ae142487614c2a.csv",
                    "language": "",
                    "insertions": 44,
                    "deletions": 0
                },
                {
                    "fileName": "a3a89bc4ca035bfb8d7cbf4982f2ec61.csv",
                    "language": "",
                    "insertions": 29,
                    "deletions": 0
                },
                {
                    "fileName": "00ea50471083367390879f6b6479ad29.csv",
                    "language": "",
                    "insertions": 43,
                    "deletions": 0
                },
                {
                    "fileName": "b7af0aaeab703aa8fb22f48c5dae51a5.csv",
                    "language": "",
                    "insertions": 21,
                    "deletions": 0
                },
                {
                    "fileName": "d2d5dd8634e1d926b2e8914c310a8780.csv",
                    "language": "",
                    "insertions": 64,
                    "deletions": 0
                },
                {
                    "fileName": "2bff0c873c32e24265711c5c9e4ebfd4.csv",
                    "language": "",
                    "insertions": 57,
                    "deletions": 0
                }
            ],
            "isDuplicated": false,
            "libraries": {
                "Python": [
                    "os",
                    "os",
                    "shutil",
                    "datetime",
                    "re",
                    "sys",
                    "datetime",
                    "path"
                ]
            }
        },
        {
            "authorName": "cc154e40b87a4928002fbb35a7b1b220",
            "authorEmail": "24f195f9c701eaddbd4b1b120bf544b9",
            "createdAt": "2020-09-19 17:13:08 +0200",
            "commitHash": "88ab01048831f6179b51e403ba7a4073e7f18f39",
            "isMerge": false,
            "parents": [
                "42fda15b15bf92dccb0217186f9611d90e379209"
            ],
            "changedFiles": [
                {
                    "fileName": "1efe1abcabcaae1197b9a8b4cdc8560e.csv",
                    "language": "",
                    "insertions": 0,
                    "deletions": 52
                },
                {
                    "fileName": "35eb602c33cf1c8d7a3fb74e12111726.log",
                    "language": "",
                    "insertions": 4662,
                    "deletions": 0
                },
                {
                    "fileName": "b6928b8a66691c47417587e3582bac80.py",
                    "language": "Python",
                    "insertions": 20,
                    "deletions": 3
                },
                {
                    "fileName": "b748577932007c061bf33511d941fc7c.csv",
                    "language": "",
                    "insertions": 0,
                    "deletions": 4
                },
                {
                    "fileName": "d375c598c7d27d987ea4e73231ccebe2.csv",
                    "language": "",
                    "insertions": 0,
                    "deletions": 94
                }
            ],
            "isDuplicated": false,
            "libraries": {
                "Python": [
                    "os",
                    "os",
                    "shutil",
                    "datetime",
                    "re",
                    "sys",
                    "datetime",
                    "path"
                ]
            }
        },
        {
            "authorName": "cc154e40b87a4928002fbb35a7b1b220",
            "authorEmail": "24f195f9c701eaddbd4b1b120bf544b9",
            "createdAt": "2020-09-19 15:14:55 +0200",
            "commitHash": "42fda15b15bf92dccb0217186f9611d90e379209",
            "isMerge": false,
            "parents": [
                "114fa1930d4845469f2ed607b7092c0e39dcfbea"
            ],
            "changedFiles": [
                {
                    "fileName": "35eb602c33cf1c8d7a3fb74e12111726.log",
                    "language": "",
                    "insertions": 643,
                    "deletions": 0
                },
                {
                    "fileName": "b6928b8a66691c47417587e3582bac80.py",
                    "language": "Python",
                    "insertions": 23,
                    "deletions": 7
                }
            ],
            "isDuplicated": false,
            "libraries": {
                "Python": [
                    "os",
                    "os",
                    "shutil",
                    "datetime",
                    "re",
                    "sys",
                    "datetime",
                    "path"
                ]
            }
        },
        {
            "authorName": "cc154e40b87a4928002fbb35a7b1b220",
            "authorEmail": "24f195f9c701eaddbd4b1b120bf544b9",
            "createdAt": "2020-09-19 14:56:53 +0200",
            "commitHash": "114fa1930d4845469f2ed607b7092c0e39dcfbea",
            "isMerge": false,
            "parents": [
                "416f6abccbf3016c11b480c289832672c19fc866"
            ],
            "changedFiles": [
                {
                    "fileName": "35eb602c33cf1c8d7a3fb74e12111726.log",
                    "language": "",
                    "insertions": 1354,
                    "deletions": 0
                },
                {
                    "fileName": "b6928b8a66691c47417587e3582bac80.py",
                    "language": "Python",
                    "insertions": 5,
                    "deletions": 1
                },
                {
                    "fileName": "1b4d0cba74e7925c03945a5b3042bc46.csv",
                    "language": "",
                    "insertions": 4,
                    "deletions": 0
                },
                {
                    "fileName": "ea3d3759438fd6b2951ac62ce16c6374.csv",
                    "language": "",
                    "insertions": 94,
                    "deletions": 0
                }
            ],
            "isDuplicated": false,
            "libraries": {
                "Python": [
                    "os",
                    "os",
                    "shutil",
                    "datetime",
                    "re",
                    "sys",
                    "datetime",
                    "path"
                ]
            }
        },
        {
            "authorName": "cc154e40b87a4928002fbb35a7b1b220",
            "authorEmail": "24f195f9c701eaddbd4b1b120bf544b9",
            "createdAt": "2020-09-19 13:22:22 +0200",
            "commitHash": "416f6abccbf3016c11b480c289832672c19fc866",
            "isMerge": false,
            "parents": [
                "8f221ef56005716a2f93f495fc097c59059ba353"
            ],
            "changedFiles": [
                {
                    "fileName": "35eb602c33cf1c8d7a3fb74e12111726.log",
                    "language": "",
                    "insertions": 416,
                    "deletions": 0
                },
                {
                    "fileName": "b6928b8a66691c47417587e3582bac80.py",
                    "language": "Python",
                    "insertions": 2,
                    "deletions": 2
                }
            ],
            "isDuplicated": false,
            "libraries": {
                "Python": [
                    "os",
                    "os",
                    "shutil",
                    "datetime",
                    "re",
                    "sys",
                    "datetime",
                    "path"
                ]
            }
        },
        {
            "authorName": "cc154e40b87a4928002fbb35a7b1b220",
            "authorEmail": "24f195f9c701eaddbd4b1b120bf544b9",
            "createdAt": "2020-09-19 13:11:58 +0200",
            "commitHash": "8f221ef56005716a2f93f495fc097c59059ba353",
            "isMerge": false,
            "parents": [
                "68f8f6079d3718bfaac00c31dd314ad998cf6cb0"
            ],
            "changedFiles": [
                {
                    "fileName": "35eb602c33cf1c8d7a3fb74e12111726.log",
                    "language": "",
                    "insertions": 626,
                    "deletions": 0
                },
                {
                    "fileName": "b6928b8a66691c47417587e3582bac80.py",
                    "language": "Python",
                    "insertions": 6,
                    "deletions": 5
                }
            ],
            "isDuplicated": false,
            "libraries": {
                "Python": [
                    "os",
                    "os",
                    "shutil",
                    "datetime",
                    "re",
                    "sys",
                    "datetime",
                    "path"
                ]
            }
        },
        {
            "authorName": "cc154e40b87a4928002fbb35a7b1b220",
            "authorEmail": "24f195f9c701eaddbd4b1b120bf544b9",
            "createdAt": "2020-09-19 12:58:26 +0200",
            "commitHash": "68f8f6079d3718bfaac00c31dd314ad998cf6cb0",
            "isMerge": false,
            "parents": [
                "c742c386947e8cfad69dd71e3a63f82993b9a95e"
            ],
            "changedFiles": [
                {
                    "fileName": "b6928b8a66691c47417587e3582bac80.py",
                    "language": "Python",
                    "insertions": 1,
                    "deletions": 0
                }
            ],
            "isDuplicated": false,
            "libraries": {
                "Python": [
                    "os",
                    "os",
                    "shutil",
                    "datetime",
                    "re",
                    "sys",
                    "datetime",
                    "path"
                ]
            }
        },
        {
            "authorName": "cc154e40b87a4928002fbb35a7b1b220",
            "authorEmail": "24f195f9c701eaddbd4b1b120bf544b9",
            "createdAt": "2020-09-19 12:57:52 +0200",
            "commitHash": "c742c386947e8cfad69dd71e3a63f82993b9a95e",
            "isMerge": false,
            "parents": [
                "83b8271dfafe07de4677e2c6cc68facfcd234509"
            ],
            "changedFiles": [
                {
                    "fileName": "b6928b8a66691c47417587e3582bac80.py",
                    "language": "Python",
                    "insertions": 6,
                    "deletions": 3
                }
            ],
            "isDuplicated": false,
            "libraries": {
                "Python": [
                    "os",
                    "os",
                    "shutil",
                    "datetime",
                    "re",
                    "sys",
                    "datetime",
                    "path"
                ]
            }
        },
        {
            "authorName": "cc154e40b87a4928002fbb35a7b1b220",
            "authorEmail": "24f195f9c701eaddbd4b1b120bf544b9",
            "createdAt": "2020-09-19 12:57:03 +0200",
            "commitHash": "83b8271dfafe07de4677e2c6cc68facfcd234509",
            "isMerge": false,
            "parents": [
                "5c685fd05df9deb910042c56bbe7ac08f639bcd5"
            ],
            "changedFiles": [
                {
                    "fileName": "35eb602c33cf1c8d7a3fb74e12111726.log",
                    "language": "",
                    "insertions": 416,
                    "deletions": 0
                },
                {
                    "fileName": "b6928b8a66691c47417587e3582bac80.py",
                    "language": "Python",
                    "insertions": 2,
                    "deletions": 16
                }
            ],
            "isDuplicated": false,
            "libraries": {
                "Python": [
                    "os",
                    "os",
                    "shutil",
                    "datetime",
                    "re",
                    "sys",
                    "datetime",
                    "path"
                ]
            }
        },
        {
            "authorName": "cc154e40b87a4928002fbb35a7b1b220",
            "authorEmail": "24f195f9c701eaddbd4b1b120bf544b9",
            "createdAt": "2020-09-19 12:49:48 +0200",
            "commitHash": "5c685fd05df9deb910042c56bbe7ac08f639bcd5",
            "isMerge": false,
            "parents": [
                "8f8ee0c5ba11d40829917b13973ecadc54228981"
            ],
            "changedFiles": [
                {
                    "fileName": "35eb602c33cf1c8d7a3fb74e12111726.log",
                    "language": "",
                    "insertions": 242,
                    "deletions": 0
                },
                {
                    "fileName": "b6928b8a66691c47417587e3582bac80.py",
                    "language": "Python",
                    "insertions": 12,
                    "deletions": 2
                }
            ],
            "isDuplicated": false,
            "libraries": {
                "Python": [
                    "os",
                    "os",
                    "shutil",
                    "datetime",
                    "re",
                    "sys",
                    "datetime",
                    "path"
                ]
            }
        },
        {
            "authorName": "cc154e40b87a4928002fbb35a7b1b220",
            "authorEmail": "24f195f9c701eaddbd4b1b120bf544b9",
            "createdAt": "2020-09-19 10:12:16 +0200",
            "commitHash": "8f8ee0c5ba11d40829917b13973ecadc54228981",
            "isMerge": false,
            "parents": [
                "53575d4c9f8899d4978aacca19c930ab877f0a3a"
            ],
            "changedFiles": [
                {
                    "fileName": "b6928b8a66691c47417587e3582bac80.py",
                    "language": "Python",
                    "insertions": 4,
                    "deletions": 1
                }
            ],
            "isDuplicated": false,
            "libraries": {
                "Python": [
                    "os",
                    "os",
                    "shutil",
                    "datetime",
                    "re",
                    "sys",
                    "datetime",
                    "path"
                ]
            }
        },
        {
            "authorName": "cc154e40b87a4928002fbb35a7b1b220",
            "authorEmail": "24f195f9c701eaddbd4b1b120bf544b9",
            "createdAt": "2020-09-19 09:12:59 +0200",
            "commitHash": "53575d4c9f8899d4978aacca19c930ab877f0a3a",
            "isMerge": false,
            "parents": [
                "04882ded2e38065f6c614dc77b8e275d68c7b227"
            ],
            "changedFiles": [
                {
                    "fileName": "35eb602c33cf1c8d7a3fb74e12111726.log",
                    "language": "",
                    "insertions": 28,
                    "deletions": 0
                },
                {
                    "fileName": "b6928b8a66691c47417587e3582bac80.py",
                    "language": "Python",
                    "insertions": 5,
                    "deletions": 0
                }
            ],
            "isDuplicated": false,
            "libraries": {
                "Python": [
                    "os",
                    "os",
                    "shutil",
                    "datetime",
                    "re",
                    "sys",
                    "datetime",
                    "path"
                ]
            }
        },
        {
            "authorName": "cc154e40b87a4928002fbb35a7b1b220",
            "authorEmail": "24f195f9c701eaddbd4b1b120bf544b9",
            "createdAt": "2020-09-19 09:00:48 +0200",
            "commitHash": "04882ded2e38065f6c614dc77b8e275d68c7b227",
            "isMerge": false,
            "parents": [
                "04d5986f997d36fa3eacf76ddd0b12e7924f16e1"
            ],
            "changedFiles": [
                {
                    "fileName": "35eb602c33cf1c8d7a3fb74e12111726.log",
                    "language": "",
                    "insertions": 28,
                    "deletions": 0
                },
                {
                    "fileName": "b6928b8a66691c47417587e3582bac80.py",
                    "language": "Python",
                    "insertions": 0,
                    "deletions": 2
                }
            ],
            "isDuplicated": false,
            "libraries": {
                "Python": [
                    "os",
                    "os",
                    "shutil",
                    "datetime",
                    "re",
                    "sys",
                    "datetime",
                    "path"
                ]
            }
        },
        {
            "authorName": "cc154e40b87a4928002fbb35a7b1b220",
            "authorEmail": "24f195f9c701eaddbd4b1b120bf544b9",
            "createdAt": "2020-09-19 09:00:11 +0200",
            "commitHash": "04d5986f997d36fa3eacf76ddd0b12e7924f16e1",
            "isMerge": false,
            "parents": [
                "951de9da53c8244b28490fa42a7f83cb129d450f"
            ],
            "changedFiles": [
                {
                    "fileName": "35eb602c33cf1c8d7a3fb74e12111726.log",
                    "language": "",
                    "insertions": 99,
                    "deletions": 0
                },
                {
                    "fileName": "b6928b8a66691c47417587e3582bac80.py",
                    "language": "Python",
                    "insertions": 12,
                    "deletions": 29
                }
            ],
            "isDuplicated": false,
            "libraries": {
                "Python": [
                    "os",
                    "os",
                    "shutil",
                    "datetime",
                    "re",
                    "sys",
                    "datetime",
                    "path"
                ]
            }
        },
        {
            "authorName": "cc154e40b87a4928002fbb35a7b1b220",
            "authorEmail": "24f195f9c701eaddbd4b1b120bf544b9",
            "createdAt": "2020-09-19 08:51:41 +0200",
            "commitHash": "951de9da53c8244b28490fa42a7f83cb129d450f",
            "isMerge": false,
            "parents": [
                "a95d0a1bccadd249781d1b559b5af0e1c08287fa"
            ],
            "changedFiles": [
                {
                    "fileName": "35eb602c33cf1c8d7a3fb74e12111726.log",
                    "language": "",
                    "insertions": 68,
                    "deletions": 0
                },
                {
                    "fileName": "b6928b8a66691c47417587e3582bac80.py",
                    "language": "Python",
                    "insertions": 0,
                    "deletions": 15
                }
            ],
            "isDuplicated": false,
            "libraries": {
                "Python": [
                    "os",
                    "os",
                    "shutil",
                    "datetime",
                    "re",
                    "sys",
                    "datetime",
                    "path"
                ]
            }
        },
        {
            "authorName": "cc154e40b87a4928002fbb35a7b1b220",
            "authorEmail": "24f195f9c701eaddbd4b1b120bf544b9",
            "createdAt": "2020-09-19 08:39:57 +0200",
            "commitHash": "a95d0a1bccadd249781d1b559b5af0e1c08287fa",
            "isMerge": false,
            "parents": [
                "a485df23baa2f75506317bfdadc5662a8cb0cad6"
            ],
            "changedFiles": [
                {
                    "fileName": "35eb602c33cf1c8d7a3fb74e12111726.log",
                    "language": "",
                    "insertions": 34,
                    "deletions": 0
                },
                {
                    "fileName": "b6928b8a66691c47417587e3582bac80.py",
                    "language": "Python",
                    "insertions": 8,
                    "deletions": 2
                }
            ],
            "isDuplicated": false,
            "libraries": {
                "Python": [
                    "os",
                    "os",
                    "shutil",
                    "datetime",
                    "re",
                    "sys",
                    "datetime",
                    "path"
                ]
            }
        },
        {
            "authorName": "cc154e40b87a4928002fbb35a7b1b220",
            "authorEmail": "24f195f9c701eaddbd4b1b120bf544b9",
            "createdAt": "2020-09-19 08:32:04 +0200",
            "commitHash": "a485df23baa2f75506317bfdadc5662a8cb0cad6",
            "isMerge": false,
            "parents": [
                "c32e5ba114bbfb3b05780d0e92479daed8b179dc"
            ],
            "changedFiles": [
                {
                    "fileName": "35eb602c33cf1c8d7a3fb74e12111726.log",
                    "language": "",
                    "insertions": 71,
                    "deletions": 0
                },
                {
                    "fileName": "b6928b8a66691c47417587e3582bac80.py",
                    "language": "Python",
                    "insertions": 7,
                    "deletions": 3
                }
            ],
            "isDuplicated": false,
            "libraries": {
                "Python": [
                    "os",
                    "os",
                    "shutil",
                    "datetime",
                    "re",
                    "sys",
                    "datetime",
                    "path"
                ]
            }
        },
        {
            "authorName": "cc154e40b87a4928002fbb35a7b1b220",
            "authorEmail": "24f195f9c701eaddbd4b1b120bf544b9",
            "createdAt": "2020-09-19 07:22:20 +0200",
            "commitHash": "c32e5ba114bbfb3b05780d0e92479daed8b179dc",
            "isMerge": false,
            "parents": [
                "1151761fb633449d2d70838605f1ae93fcad9a0f"
            ],
            "changedFiles": [
                {
                    "fileName": "b6928b8a66691c47417587e3582bac80.py",
                    "language": "Python",
                    "insertions": 3,
                    "deletions": 0
                }
            ],
            "isDuplicated": false,
            "libraries": {
                "Python": [
                    "os",
                    "os",
                    "shutil",
                    "datetime",
                    "re",
                    "sys",
                    "datetime",
                    "path"
                ]
            }
        },
        {
            "authorName": "cc154e40b87a4928002fbb35a7b1b220",
            "authorEmail": "24f195f9c701eaddbd4b1b120bf544b9",
            "createdAt": "2020-09-18 22:38:45 +0200",
            "commitHash": "1151761fb633449d2d70838605f1ae93fcad9a0f",
            "isMerge": false,
            "parents": [
                "29a5a15da0adbfbefee4feafa00189c4a015d571"
            ],
            "changedFiles": [
                {
                    "fileName": "f4fa63b0a144bd4558918c78582d48b2.log",
                    "language": "",
                    "insertions": 34,
                    "deletions": 0
                }
            ],
            "isDuplicated": false
        },
        {
            "authorName": "cc154e40b87a4928002fbb35a7b1b220",
            "authorEmail": "24f195f9c701eaddbd4b1b120bf544b9",
            "createdAt": "2020-09-18 22:21:33 +0200",
            "commitHash": "29a5a15da0adbfbefee4feafa00189c4a015d571",
            "isMerge": false,
            "parents": [
                "049218a07a7b08e614ab11d3733ac557d963193b"
            ],
            "changedFiles": [
                {
                    "fileName": "b6928b8a66691c47417587e3582bac80.py",
                    "language": "Python",
                    "insertions": 3,
                    "deletions": 0
                }
            ],
            "isDuplicated": false,
            "libraries": {
                "Python": [
                    "os",
                    "os",
                    "shutil",
                    "datetime",
                    "re",
                    "sys",
                    "datetime",
                    "path"
                ]
            }
        },
        {
            "authorName": "cc154e40b87a4928002fbb35a7b1b220",
            "authorEmail": "24f195f9c701eaddbd4b1b120bf544b9",
            "createdAt": "2020-09-18 22:17:37 +0200",
            "commitHash": "049218a07a7b08e614ab11d3733ac557d963193b",
            "isMerge": false,
            "parents": [],
            "changedFiles": [
                {
                    "fileName": "001a92a1bec8fe3e184769e54067f1fc.csv",
                    "language": "",
                    "insertions": 16,
                    "deletions": 0
                },
                {
                    "fileName": "cdc71c67dd4a73aac173fc3e75deb0c3.csv",
                    "language": "",
                    "insertions": 59,
                    "deletions": 0
                },
                {
                    "fileName": "27c20f930e6cfb5db480c5db53996200.csv",
                    "language": "",
                    "insertions": 94,
                    "deletions": 0
                },
                {
                    "fileName": "56e7bf60e27bfbb0a0ae03e2d5388747.csv",
                    "language": "",
                    "insertions": 47,
                    "deletions": 0
                },
                {
                    "fileName": "68547c5187a8015530a3df36e02df387.csv",
                    "language": "",
                    "insertions": 44,
                    "deletions": 0
                },
                {
                    "fileName": "245edfef53a1b2241cb724ebe4ff0d73.csv",
                    "language": "",
                    "insertions": 29,
                    "deletions": 0
                },
                {
                    "fileName": "31dd426a3d98bb894a9dcce0f040bde2.csv",
                    "language": "",
                    "insertions": 43,
                    "deletions": 0
                },
                {
                    "fileName": "d8c1d7d96ec4dc05d1c3817486fb0435.csv",
                    "language": "",
                    "insertions": 21,
                    "deletions": 0
                },
                {
                    "fileName": "04056586f5afb471072ddb3075cecf86.csv",
                    "language": "",
                    "insertions": 64,
                    "deletions": 0
                },
                {
                    "fileName": "31ed60a7597816c1279b93ed87109bbc.csv",
                    "language": "",
                    "insertions": 58,
                    "deletions": 0
                },
                {
                    "fileName": "1efe1abcabcaae1197b9a8b4cdc8560e.csv",
                    "language": "",
                    "insertions": 52,
                    "deletions": 0
                },
                {
                    "fileName": "acafb6da2d3d8104ffdf35b607e9cdde.log",
                    "language": "",
                    "insertions": 145,
                    "deletions": 0
                },
                {
                    "fileName": "ef961a2dfb723480d875557bb3ce7b60.log",
                    "language": "",
                    "insertions": 356,
                    "deletions": 0
                },
                {
                    "fileName": "aebd47d29b0dbfa50bd5da5f36e528fb.log",
                    "language": "",
                    "insertions": 163,
                    "deletions": 0
                },
                {
                    "fileName": "da68148e5e6beacb917d25e0d7ddcdd0.log",
                    "language": "",
                    "insertions": 31,
                    "deletions": 0
                },
                {
                    "fileName": "5b105be743403d18f4ccaaa40ad9c428.log",
                    "language": "",
                    "insertions": 1917,
                    "deletions": 0
                },
                {
                    "fileName": "f4fa63b0a144bd4558918c78582d48b2.log",
                    "language": "",
                    "insertions": 71,
                    "deletions": 0
                },
                {
                    "fileName": "b6928b8a66691c47417587e3582bac80.py",
                    "language": "Python",
                    "insertions": 364,
                    "deletions": 0
                },
                {
                    "fileName": "1aa0c41d111a7bfec21aec4715c1be02.csv",
                    "language": "",
                    "insertions": 17,
                    "deletions": 0
                },
                {
                    "fileName": "55e57372401267dba0d2bb6dc47891f9.csv",
                    "language": "",
                    "insertions": 57,
                    "deletions": 0
                },
                {
                    "fileName": "0d879ca7b3bb838527aaec8f0628ba8d.csv",
                    "language": "",
                    "insertions": 3,
                    "deletions": 0
                },
                {
                    "fileName": "772891c5cb2a26326d3f8b016519d966.csv",
                    "language": "",
                    "insertions": 94,
                    "deletions": 0
                },
                {
                    "fileName": "76d79553ed9c00d588716dba99d3fba6.csv",
                    "language": "",
                    "insertions": 64,
                    "deletions": 0
                },
                {
                    "fileName": "d2f79a5df5860de5e20d994170adfa63.csv",
                    "language": "",
                    "insertions": 29,
                    "deletions": 0
                },
                {
                    "fileName": "caedbdcbaaf36df8529fd40b60cb1d2e.csv",
                    "language": "",
                    "insertions": 47,
                    "deletions": 0
                },
                {
                    "fileName": "e606b205ff525461dc87c0d21312c76b.csv",
                    "language": "",
                    "insertions": 3,
                    "deletions": 0
                },
                {
                    "fileName": "664a56a3c7e700e80c0e79627fcdb849.csv",
                    "language": "",
                    "insertions": 44,
                    "deletions": 0
                },
                {
                    "fileName": "9ebabf4e58e80b20b47452bbeee0bb04.csv",
                    "language": "",
                    "insertions": 3,
                    "deletions": 0
                },
                {
                    "fileName": "b14af432512ae4b25f816ae3c954a497.csv",
                    "language": "",
                    "insertions": 94,
                    "deletions": 0
                },
                {
                    "fileName": "4d3c01107ab08d3340f18d1a629d16be.csv",
                    "language": "",
                    "insertions": 29,
                    "deletions": 0
                },
                {
                    "fileName": "22c0b603f3d8a30d031077076274101b.csv",
                    "language": "",
                    "insertions": 3,
                    "deletions": 0
                },
                {
                    "fileName": "3f54eb58a09d2b30fd1ddd7ab2fe076b.csv",
                    "language": "",
                    "insertions": 94,
                    "deletions": 0
                },
                {
                    "fileName": "a79cdaad9d020474f47a4ae04f37fa2a.csv",
                    "language": "",
                    "insertions": 1,
                    "deletions": 0
                },
                {
                    "fileName": "649b0631769974f2f382c208e59dbcbe.csv",
                    "language": "",
                    "insertions": 94,
                    "deletions": 0
                },
                {
                    "fileName": "32ca804b3bbb3368cb908e861c21774d.csv",
                    "language": "",
                    "insertions": 4,
                    "deletions": 0
                },
                {
                    "fileName": "fa4ff2429cdb8d8fe8eb5c4ee260cc43.csv",
                    "language": "",
                    "insertions": 94,
                    "deletions": 0
                },
                {
                    "fileName": "b748577932007c061bf33511d941fc7c.csv",
                    "language": "",
                    "insertions": 4,
                    "deletions": 0
                },
                {
                    "fileName": "d375c598c7d27d987ea4e73231ccebe2.csv",
                    "language": "",
                    "insertions": 94,
                    "deletions": 0
                },
                {
                    "fileName": "3a6b8adfe05ada9b7c0f78824a2166fd.csv",
                    "language": "",
                    "insertions": 16,
                    "deletions": 0
                },
                {
                    "fileName": "9ca4ff187921e5e65273fc94a140783f.csv",
                    "language": "",
                    "insertions": 57,
                    "deletions": 0
                },
                {
                    "fileName": "ba3b0e3e9ee1c4418af6fa276c6cc770.csv",
                    "language": "",
                    "insertions": 94,
                    "deletions": 0
                },
                {
                    "fileName": "1c0e2d585acc61411827277431b472a4.csv",
                    "language": "",
                    "insertions": 47,
                    "deletions": 0
                },
                {
                    "fileName": "2d18b97c59210efe654bf343a79a9511.csv",
                    "language": "",
                    "insertions": 44,
                    "deletions": 0
                },
                {
                    "fileName": "da942f96786894fbcf06b12aba902b51.csv",
                    "language": "",
                    "insertions": 29,
                    "deletions": 0
                },
                {
                    "fileName": "befcb3d26ee29f3d0783d898e10c9801.csv",
                    "language": "",
                    "insertions": 43,
                    "deletions": 0
                },
                {
                    "fileName": "eca12f27eef4661825f1590d64a93401.csv",
                    "language": "",
                    "insertions": 21,
                    "deletions": 0
                },
                {
                    "fileName": "71ad5538866a4ba43d17fb8e3fa3ba26.csv",
                    "language": "",
                    "insertions": 64,
                    "deletions": 0
                },
                {
                    "fileName": "30a42728598c0f90bbf0308ed7ca2831.csv",
                    "language": "",
                    "insertions": 57,
                    "deletions": 0
                },
                {
                    "fileName": "c6f5d074a2c5a824956093fa4fdfb265.csv",
                    "language": "",
                    "insertions": 52,
                    "deletions": 0
                },
                {
                    "fileName": "541b008952633c544b9b90f61bf58fcd.csv",
                    "language": "",
                    "insertions": 52,
                    "deletions": 0
                },
                {
                    "fileName": "9dc8ba39c7a4c8c572445198ddc024f7.csv",
                    "language": "",
                    "insertions": 16,
                    "deletions": 0
                },
                {
                    "fileName": "88e10ee6edc1fbc029f9bb2f6731abe9.csv",
                    "language": "",
                    "insertions": 16,
                    "deletions": 0
                },
                {
                    "fileName": "295a1ed0c1f0f40c3488259fe3ae826b.csv",
                    "language": "",
                    "insertions": 59,
                    "deletions": 0
                },
                {
                    "fileName": "8330d5888b20c4f1e0322a1ecca78822.csv",
                    "language": "",
                    "insertions": 57,
                    "deletions": 0
                },
                {
                    "fileName": "0c44d04d4df91d7fe56cdc8ac2e5d369.csv",
                    "language": "",
                    "insertions": 94,
                    "deletions": 0
                },
                {
                    "fileName": "c811fe6ce1d10e1dcc8dcf951e709664.csv",
                    "language": "",
                    "insertions": 94,
                    "deletions": 0
                },
                {
                    "fileName": "f8a76601f08ff17d987e0c41cb9fd63d.csv",
                    "language": "",
                    "insertions": 47,
                    "deletions": 0
                },
                {
                    "fileName": "f220834e1a822a98f510170609d7a702.csv",
                    "language": "",
                    "insertions": 47,
                    "deletions": 0
                },
                {
                    "fileName": "dc28c3c8686383f35eafbdab8f94e2f3.csv",
                    "language": "",
                    "insertions": 44,
                    "deletions": 0
                },
                {
                    "fileName": "af47e05146f3272d7855f12116bad04a.csv",
                    "language": "",
                    "insertions": 44,
                    "deletions": 0
                },
                {
                    "fileName": "f37a753f06783be0cbb60b86af8e4f37.csv",
                    "language": "",
                    "insertions": 29,
                    "deletions": 0
                },
                {
                    "fileName": "4fb663e910021ad8c7cebfd58c276d1b.csv",
                    "language": "",
                    "insertions": 29,
                    "deletions": 0
                },
                {
                    "fileName": "9cff20fa044b55f333c21acbb01e012f.csv",
                    "language": "",
                    "insertions": 43,
                    "deletions": 0
                },
                {
                    "fileName": "176ff5db448fe33f1d7c3dff239db806.csv",
                    "language": "",
                    "insertions": 43,
                    "deletions": 0
                },
                {
                    "fileName": "fadc14bb83d8b738744898db288e479c.csv",
                    "language": "",
                    "insertions": 21,
                    "deletions": 0
                },
                {
                    "fileName": "c11de6244bb08716baa1b8478244590c.csv",
                    "language": "",
                    "insertions": 21,
                    "deletions": 0
                },
                {
                    "fileName": "3eb97e490691aa4effe659995fc3f90e.csv",
                    "language": "",
                    "insertions": 64,
                    "deletions": 0
                },
                {
                    "fileName": "8a0095597ec931c4bb71ca56425b5c81.csv",
                    "language": "",
                    "insertions": 64,
                    "deletions": 0
                },
                {
                    "fileName": "51cb98c2e1a6eeadc323555483b87a62.csv",
                    "language": "",
                    "insertions": 58,
                    "deletions": 0
                },
                {
                    "fileName": "0f720d1c2de432b6b0761507cf0ab2cf.csv",
                    "language": "",
                    "insertions": 57,
                    "deletions": 0
                },
                {
                    "fileName": "f25fa53a1beef322e9f4aaec95165928.csv",
                    "language": "",
                    "insertions": 52,
                    "deletions": 0
                },
                {
                    "fileName": "47483022573d8208adc6d69eb58d2940.csv",
                    "language": "",
                    "insertions": 52,
                    "deletions": 0
                },
                {
                    "fileName": "7a884cb8ac08ef5c613c2e4f31daba3f.csv",
                    "language": "",
                    "insertions": 17,
                    "deletions": 0
                },
                {
                    "fileName": "e06876288be64670901991370157ffe6.csv",
                    "language": "",
                    "insertions": 57,
                    "deletions": 0
                },
                {
                    "fileName": "e981747bbf33538dca43fd616af59143.csv",
                    "language": "",
                    "insertions": 3,
                    "deletions": 0
                },
                {
                    "fileName": "fed5e72f2c1ff5672d04ebe25c3cf627.csv",
                    "language": "",
                    "insertions": 94,
                    "deletions": 0
                },
                {
                    "fileName": "a4c394872bff38ea7d726d393204e856.csv",
                    "language": "",
                    "insertions": 64,
                    "deletions": 0
                },
                {
                    "fileName": "0b7aab1452c87ed926e41fc4be81339f.csv",
                    "language": "",
                    "insertions": 29,
                    "deletions": 0
                },
                {
                    "fileName": "87d71b281fba6d47cc72b829ec3f0b43.csv",
                    "language": "",
                    "insertions": 47,
                    "deletions": 0
                },
                {
                    "fileName": "6930c8e3f0223d0f9306e3971d5847ff.csv",
                    "language": "",
                    "insertions": 3,
                    "deletions": 0
                },
                {
                    "fileName": "d56604be0a4b96035af3e788d132112a.csv",
                    "language": "",
                    "insertions": 44,
                    "deletions": 0
                },
                {
                    "fileName": "e87fc399a25c62870aa102ae2f4f36f8.csv",
                    "language": "",
                    "insertions": 3,
                    "deletions": 0
                },
                {
                    "fileName": "c7efe37ed1599b26933337073be5ecd3.csv",
                    "language": "",
                    "insertions": 94,
                    "deletions": 0
                },
                {
                    "fileName": "0e07abb57c5648d6fb38e3808bed0ef7.csv",
                    "language": "",
                    "insertions": 29,
                    "deletions": 0
                },
                {
                    "fileName": "8ff6b524500f2930a3bbfe3ca0cd04a2.csv",
                    "language": "",
                    "insertions": 3,
                    "deletions": 0
                },
                {
                    "fileName": "5c324a5899ea45a6e27cc14d63d7236d.csv",
                    "language": "",
                    "insertions": 94,
                    "deletions": 0
                },
                {
                    "fileName": "ca7bc872e4a9b6c8b00fe44d20fa1d49.csv",
                    "language": "",
                    "insertions": 1,
                    "deletions": 0
                },
                {
                    "fileName": "49bde3ab481b43fda8da3b8cb2318875.csv",
                    "language": "",
                    "insertions": 94,
                    "deletions": 0
                },
                {
                    "fileName": "6feabc8d7134c4020e7b323a3459c0e4.csv",
                    "language": "",
                    "insertions": 4,
                    "deletions": 0
                },
                {
                    "fileName": "d498d20f74afbe78bb357cee2d90b0d8.csv",
                    "language": "",
                    "insertions": 94,
                    "deletions": 0
                },
                {
                    "fileName": "ab4d04a32584ac4ab6923371f218838a.log",
                    "language": "",
                    "insertions": 400,
                    "deletions": 0
                }
            ],
            "isDuplicated": false,
            "libraries": {
                "Python": [
                    "os",
                    "os",
                    "shutil",
                    "datetime",
                    "re",
                    "sys",
                    "datetime",
                    "path"
                ]
            }
        }
    ],
    "emails_v2": []
}