MP_91299_ID1011026779;L-M - Szint III. Mikronizáló_2020-09-22;+++;Micrococcus luteus;1270;beec53ae-2e07-4400-8077-cd2fbf74766f;2.113;+;Micrococcus luteus;1270;df205b83-8258-4046-aa99-d71c818c6628;1.999;+;Micrococcus luteus;1270;70588a60-89e1-4f56-9f47-3c2ac3b9032d;1.906;+;Micrococcus luteus;1270;9e126652-4575-4da4-99b5-5f8495523218;1.877;+;Micrococcus luteus;1270;7e64b71c-e9cd-4869-8f9d-4fa2b2e86d5b;1.848;+;Micrococcus luteus;1270;6ed61691-9887-4655-a4a7-2fbbc2bc9d05;1.821;+;Micrococcus luteus;1270;b8c350c2-ef58-45bd-bd2e-cb21c4978e0d;1.813;+;Micrococcus luteus;1270;03baea4f-ab2e-41fa-b92c-57426f337467;1.754;+;Micrococcus luteus;1270;a4ed63bb-50dc-409f-a34d-d85c8ca123be;1.747;-;not reliable identification;E1;8a9c776c-2313-4855-8887-5aff2ca98ff9;1.552
MP_91300_ID1011026779;L-M - Szint III. Mikronizáló_2020-09-22;+++;Micrococcus luteus;1270;beec53ae-2e07-4400-8077-cd2fbf74766f;2.142;+++;Micrococcus luteus;1270;9e126652-4575-4da4-99b5-5f8495523218;2.045;+;Micrococcus luteus;1270;70588a60-89e1-4f56-9f47-3c2ac3b9032d;1.98;+;Micrococcus luteus;1270;6ed61691-9887-4655-a4a7-2fbbc2bc9d05;1.944;+;Micrococcus luteus;1270;b8c350c2-ef58-45bd-bd2e-cb21c4978e0d;1.885;+;Micrococcus luteus;1270;8a9c776c-2313-4855-8887-5aff2ca98ff9;1.88;+;Micrococcus luteus;1270;03baea4f-ab2e-41fa-b92c-57426f337467;1.855;+;Micrococcus luteus;1270;a4ed63bb-50dc-409f-a34d-d85c8ca123be;1.808;+;Micrococcus luteus;1270;df205b83-8258-4046-aa99-d71c818c6628;1.807;+;Micrococcus luteus;1270;7e64b71c-e9cd-4869-8f9d-4fa2b2e86d5b;1.782
MP_91301_ID1011026779;L-M - Szint III. Mikronizáló_2020-09-22;-;not reliable identification;E1;0b5b13b2-670c-4ea2-b990-8d57e24098fe;1.624;-;not reliable identification;E1;b3cd20e8-416f-4e8c-9f3b-16e6d03e669b;1.507;-;not reliable identification;E1;8a9153ec-5188-4878-bb5f-45c7c3b00a24;1.422;-;not reliable identification;E1;4ea4fa86-ad5e-466f-8255-6ee4fdf68a34;1.215;-;not reliable identification;E1;0ba2eb56-5a1c-42aa-b656-142deba1b506;1.21;-;not reliable identification;E1;71a28aff-0244-4679-a127-d643f3e8581d;1.183;-;not reliable identification;E1;a05b1150-dcb2-4af8-a5d7-5a0d45faa5c0;1.178;-;not reliable identification;E1;fb43d4ec-cc51-480d-8cba-c4f2a1e37522;1.162;-;not reliable identification;E1;e23eaf09-c783-4f51-8067-475b921e6681;1.16;-;not reliable identification;E1;72b75480-eec4-476a-8930-864f6e6b7eee;1.152
MP_91302_ID1011026779;L-M - Szint III. Mikronizáló_2020-09-22;+++;Micrococcus luteus;1270;beec53ae-2e07-4400-8077-cd2fbf74766f;2.21;+++;Micrococcus luteus;1270;70588a60-89e1-4f56-9f47-3c2ac3b9032d;2.188;+++;Micrococcus luteus;1270;9e126652-4575-4da4-99b5-5f8495523218;2.151;+++;Micrococcus luteus;1270;8a9c776c-2313-4855-8887-5aff2ca98ff9;2.142;+++;Micrococcus luteus;1270;7e64b71c-e9cd-4869-8f9d-4fa2b2e86d5b;2.139;+++;Micrococcus luteus;1270;03baea4f-ab2e-41fa-b92c-57426f337467;2.137;+++;Micrococcus luteus;1270;df205b83-8258-4046-aa99-d71c818c6628;2.083;+++;Micrococcus luteus;1270;6ed61691-9887-4655-a4a7-2fbbc2bc9d05;2.026;+;Micrococcus luteus;1270;a4ed63bb-50dc-409f-a34d-d85c8ca123be;1.961;+;Micrococcus luteus;1270;b8c350c2-ef58-45bd-bd2e-cb21c4978e0d;1.843
MP_91303_ID1011026779;L-M - Szint III. Mikronizáló_2020-09-22;+++;Staphylococcus hominis;1290;605f3c45-5813-4f3b-a6b5-167657d17554;2.223;+++;Staphylococcus hominis;1290;e42fa5b3-2a7d-46d6-b2e9-f55f49b91e95;2.181;+++;Staphylococcus hominis;1290;ea5a5ac9-9ac0-4140-9847-5ab41db0adcd;2.134;+++;Staphylococcus hominis;145393;5e23b082-76aa-4165-b045-a5d492cfc0f4;2.131;+++;Staphylococcus hominis;145391;7b34c231-ee3b-4b58-bf7f-80de1314ce76;2.106;+;Staphylococcus hominis;145391;361808e4-83a8-45a7-9482-a3ab48717b0a;1.991;+;Staphylococcus hominis;145391;cb25c9df-d4c9-4510-9627-ac25c9d32102;1.969;+;Staphylococcus hominis;1290;6dc4986b-ecd2-437c-8e4d-6d95b5336e8c;1.965;-;not reliable identification;E1;263f37c8-2c7a-4d4b-97e2-252923304fb4;1.515;-;not reliable identification;E1;068c88da-c585-492b-901e-d599cb39db65;1.373
MP_91304_ID1011026779;L-M - Szint III. Mikronizáló_2020-09-22;+++;Micrococcus luteus;1270;8a9c776c-2313-4855-8887-5aff2ca98ff9;2.272;+++;Micrococcus luteus;1270;beec53ae-2e07-4400-8077-cd2fbf74766f;2.251;+++;Micrococcus luteus;1270;9e126652-4575-4da4-99b5-5f8495523218;2.178;+++;Micrococcus luteus;1270;70588a60-89e1-4f56-9f47-3c2ac3b9032d;2.11;+++;Micrococcus luteus;1270;df205b83-8258-4046-aa99-d71c818c6628;2.071;+++;Micrococcus luteus;1270;03baea4f-ab2e-41fa-b92c-57426f337467;2.062;+++;Micrococcus luteus;1270;6ed61691-9887-4655-a4a7-2fbbc2bc9d05;2.06;+++;Micrococcus luteus;1270;7e64b71c-e9cd-4869-8f9d-4fa2b2e86d5b;2.002;+;Micrococcus luteus;1270;b8c350c2-ef58-45bd-bd2e-cb21c4978e0d;1.887;+;Micrococcus luteus;1270;a4ed63bb-50dc-409f-a34d-d85c8ca123be;1.86
MP_91305_ID1011026779;DMHL - Dorogi Mikrobiológiai és Higiénés Labor_2020-09-22;+++;Bacillus horneckiae;1386;cb90a25b-e87a-4369-a263-5fe744cf2a63;2.199;+++;Bacillus horneckiae;1386;8f250da7-5239-4131-8e50-f46235f72521;2.026;-;not reliable identification;E1;bd8ad8cf-c5bb-4234-889f-4431634b1396;1.4;-;not reliable identification;E1;9e5c8820-fb02-4b4a-924d-b8ed04086db0;1.356;-;not reliable identification;E1;9b22ea23-fc43-4aa7-9a1b-596815ab02cd;1.342;-;not reliable identification;E1;7e28bdca-afaa-4744-b3e1-efdecea5f75a;1.317;-;not reliable identification;E1;44edaec1-23a9-451f-a7cc-16feea95c104;1.305;-;not reliable identification;E1;539b7368-756a-44a5-8b32-6f29ee4545c6;1.302;-;not reliable identification;E1;6fcbce10-8f23-4db6-8c3a-3d07099f033d;1.29;-;not reliable identification;E1;d360dba1-7743-44c3-8273-5a589116c545;1.29
MP_91306_ID1011026779;DMHL - Dorogi Mikrobiológiai és Higiénés Labor_2020-09-22;+++;Bacillus oceanisediminis;1386;539b7368-756a-44a5-8b32-6f29ee4545c6;2.013;-;not reliable identification;E1;676e7d08-9e7f-444e-b8d2-b296277d6f32;1.695;-;not reliable identification;E1;718f6b3e-d03e-4d11-bbf8-07d83a5c15e4;1.634;-;not reliable identification;E1;8f250da7-5239-4131-8e50-f46235f72521;1.378;-;not reliable identification;E1;987d33c5-61f6-4e0c-b331-87d2b905998b;1.32;-;not reliable identification;E1;042312fa-f737-4a9d-a337-24624ae46da5;1.296;-;not reliable identification;E1;5b59e0fc-a630-491e-989b-65f29d5dffa7;1.295;-;not reliable identification;E1;c60ceb70-f486-40a7-abfe-3e076fac0f5e;1.269;-;not reliable identification;E1;dd3bfdf4-01bb-4330-aec8-dc78651936f1;1.255;-;not reliable identification;E1;13596a95-9d60-4603-9931-af025f099c9e;1.248
MP_91307_ID1011026779;L-M - Szint III. Mikronizáló_2020-09-22;+++;Staphylococcus hominis;145391;7b34c231-ee3b-4b58-bf7f-80de1314ce76;2.307;+++;Staphylococcus hominis;145393;5e23b082-76aa-4165-b045-a5d492cfc0f4;2.25;+++;Staphylococcus hominis;1290;ea5a5ac9-9ac0-4140-9847-5ab41db0adcd;2.218;+++;Staphylococcus hominis;1290;605f3c45-5813-4f3b-a6b5-167657d17554;2.216;+++;Staphylococcus hominis;1290;e42fa5b3-2a7d-46d6-b2e9-f55f49b91e95;2.151;+++;Staphylococcus hominis;145391;361808e4-83a8-45a7-9482-a3ab48717b0a;2.147;+++;Staphylococcus hominis;145391;cb25c9df-d4c9-4510-9627-ac25c9d32102;2.106;+++;Staphylococcus hominis;1290;6dc4986b-ecd2-437c-8e4d-6d95b5336e8c;2.044;-;not reliable identification;E1;6df8f8b1-c5b2-4a8b-965a-8e9c1206972d;1.524;-;not reliable identification;E1;263f37c8-2c7a-4d4b-97e2-252923304fb4;1.433
MP_91308_ID1011026779;L-M - Szint III. Mikronizáló_2020-09-22;-;not reliable identification;E1;27226c18-03da-4505-9866-961c95f71502;1.453;-;not reliable identification;E1;dff91be6-bc6d-4627-a982-e4a38c21c147;1.367;-;not reliable identification;E1;3f60fc10-0a30-4716-bf82-4d98bc19e3d1;1.355;-;not reliable identification;E1;41e1a0a1-2274-4b67-a6d6-c9c8caa20979;1.327;-;not reliable identification;E1;6929a026-eaee-46c9-921f-189f438c83fe;1.307;-;not reliable identification;E1;ceaac282-c291-4701-8005-3887bb4e9780;1.228;-;not reliable identification;E1;c98e7b49-3671-46fa-b899-9b5482a17e0f;1.222;-;not reliable identification;E1;0d7d07dd-556c-4d28-aae4-90184981efd5;1.219;-;not reliable identification;E1;ead23fc4-9bde-4f3e-99cc-44f28eb20b1a;1.216;-;not reliable identification;E1;09bf4788-1e1e-4dce-abed-6ec26798b819;1.206
MP_91309_ID1011026779;L-M - Szint III. Mikronizáló_2020-09-22;+++;Corynebacterium mucifaciens;57171;52dfa612-e54b-4168-b300-7773a814d450;2.02;+;Corynebacterium ureicelerivorans;401472;ddf9133e-79b6-4dfb-a9e9-6a13721d15c9;1.966;+;Corynebacterium mucifaciens;57171;409ee332-a2f2-4083-a1ec-4063cf89a0eb;1.872;+;Corynebacterium mucifaciens;57171;3ff0ed0e-a2e6-44bb-9114-9baef47c3061;1.753;+;Corynebacterium mucifaciens;57171;24db01a6-44b1-42f4-a954-ba1c1a3bb730;1.748;+;Corynebacterium mucifaciens;57171;c472b207-f7fc-4f86-bd5d-c5f5f6e12d60;1.734;+;Corynebacterium ureicelerivorans;401472;05f48a9a-66b4-4a15-b054-878c84436bec;1.714;+;Corynebacterium mucifaciens;57171;9ed22935-de18-4c58-a031-93a1f19c67eb;1.705;-;not reliable identification;E1;bd513651-f380-4528-823a-301bbb01cdfd;1.689;-;not reliable identification;E1;54fe5b7a-b64b-463c-878c-8032e73eac4f;1.396
MP_91310_ID1011026779;L-M - Szint III. Mikronizáló_2020-09-22;+++;Staphylococcus epidermidis;1282;affdd5db-be8f-4ee6-b395-757b3b820a98;2.114;+;Staphylococcus epidermidis;1282;219bdfd0-cd3d-48ae-a3ed-1245691e8c9e;1.916;+;Staphylococcus epidermidis;1282;ca61ac93-70f3-4aba-a3cd-b69ba1df29c9;1.912;+;Staphylococcus epidermidis;1282;cf58e860-e8a8-42cb-9f41-cfea4536d54e;1.87;+;Staphylococcus epidermidis;1282;d8f3d81b-5949-4fec-96db-056d2d22cab7;1.816;+;Staphylococcus epidermidis;1282;84f155e4-1600-46a5-afea-eafb27233290;1.771;+;Staphylococcus epidermidis;1282;fc503196-43eb-4d43-ba09-406712713928;1.762;-;not reliable identification;E1;cbefbe40-89e4-438c-81ca-ac8d312eda6d;1.682;-;not reliable identification;E1;a0157aa1-1cb4-419c-8239-075355610383;1.643;-;not reliable identification;E1;54623dc2-837d-4643-8fd6-7e8dfb7ce814;1.511
MP_91311_ID1011026779;L-M - Szint III. Mikronizáló_2020-09-22;+++;Staphylococcus hominis;1290;605f3c45-5813-4f3b-a6b5-167657d17554;2.152;+++;Staphylococcus hominis;1290;e42fa5b3-2a7d-46d6-b2e9-f55f49b91e95;2.102;+++;Staphylococcus hominis;145391;7b34c231-ee3b-4b58-bf7f-80de1314ce76;2.098;+++;Staphylococcus hominis;1290;ea5a5ac9-9ac0-4140-9847-5ab41db0adcd;2.081;+++;Staphylococcus hominis;145391;361808e4-83a8-45a7-9482-a3ab48717b0a;2.051;+++;Staphylococcus hominis;145393;5e23b082-76aa-4165-b045-a5d492cfc0f4;2.041;+;Staphylococcus hominis;145391;cb25c9df-d4c9-4510-9627-ac25c9d32102;1.982;+;Staphylococcus hominis;1290;6dc4986b-ecd2-437c-8e4d-6d95b5336e8c;1.874;-;not reliable identification;E1;263f37c8-2c7a-4d4b-97e2-252923304fb4;1.518;-;not reliable identification;E1;98f4ade2-6a6d-4696-946e-2bc0331c0c6a;1.339
MP_91312_ID1011026779;L-M - Szint III. Mikronizáló_2020-09-22;+++;Staphylococcus epidermidis;1282;affdd5db-be8f-4ee6-b395-757b3b820a98;2.184;+++;Staphylococcus epidermidis;1282;219bdfd0-cd3d-48ae-a3ed-1245691e8c9e;2.001;+;Staphylococcus epidermidis;1282;cf58e860-e8a8-42cb-9f41-cfea4536d54e;1.996;+;Staphylococcus epidermidis;1282;84f155e4-1600-46a5-afea-eafb27233290;1.884;+;Staphylococcus epidermidis;1282;d8f3d81b-5949-4fec-96db-056d2d22cab7;1.86;+;Staphylococcus epidermidis;1282;cbefbe40-89e4-438c-81ca-ac8d312eda6d;1.849;+;Staphylococcus epidermidis;1282;ca61ac93-70f3-4aba-a3cd-b69ba1df29c9;1.829;+;Staphylococcus epidermidis;1282;b487a1e3-895e-49ae-bc1c-e940757982cc;1.775;+;Staphylococcus epidermidis;1282;fc503196-43eb-4d43-ba09-406712713928;1.711;-;not reliable identification;E1;617a72b8-eefb-4c85-a9f1-e010ae7eeced;1.58
MP_91313_ID1011026779;M-57A - 57A tisztatér_2020-09-22;+++;Brevibacterium pityocampae;1696;f6a8adda-87a1-4d12-9d3c-c224492433f9;2.05;+;Dietzia cinnamea;321318;90898f7a-f30a-463c-ace7-5f332fcb4eb2;1.916;-;not reliable identification;E1;d4b5461e-1ccb-43b2-bdc8-98771fe2f011;1.198;-;not reliable identification;E1;f5abecbb-6dfd-490e-b78a-0c0e004244a4;1.191;-;not reliable identification;E1;18205056-01ed-43ba-be5e-dc250f69aaf9;1.174;-;not reliable identification;E1;456b0f8a-f01c-4534-ac68-274d9a4cba3c;1.163;-;not reliable identification;E1;afd71a76-0e5f-4e4f-8a8a-c2b83501bf18;1.16;-;not reliable identification;E1;19356a12-e2e5-4395-9658-f2d18f9f52d3;1.157;-;not reliable identification;E1;bac51d40-adee-4646-9707-3e473dc02f9a;1.151;-;not reliable identification;E1;82d4b174-7852-4af6-81bd-a90ac48c4ec8;1.135
MP_91314_ID1011026779;M-57A - 57A tisztatér_2020-09-22;+;Corynebacterium ureicelerivorans;401472;ddf9133e-79b6-4dfb-a9e9-6a13721d15c9;1.712;-;not reliable identification;E1;409ee332-a2f2-4083-a1ec-4063cf89a0eb;1.686;-;not reliable identification;E1;52dfa612-e54b-4168-b300-7773a814d450;1.683;-;not reliable identification;E1;c472b207-f7fc-4f86-bd5d-c5f5f6e12d60;1.55;-;not reliable identification;E1;54fe5b7a-b64b-463c-878c-8032e73eac4f;1.55;-;not reliable identification;E1;3ff0ed0e-a2e6-44bb-9114-9baef47c3061;1.456;-;not reliable identification;E1;9ed22935-de18-4c58-a031-93a1f19c67eb;1.444;-;not reliable identification;E1;24db01a6-44b1-42f4-a954-ba1c1a3bb730;1.303;-;not reliable identification;E1;bd513651-f380-4528-823a-301bbb01cdfd;1.282;-;not reliable identification;E1;5d970948-9476-46b7-b772-1b96d2f6e1dc;1.222
MP_91315_ID1011026779;M-57A - 57A tisztatér_2020-09-22;+++;Corynebacterium mucifaciens;57171;52dfa612-e54b-4168-b300-7773a814d450;2.095;+;Corynebacterium ureicelerivorans;401472;ddf9133e-79b6-4dfb-a9e9-6a13721d15c9;1.967;+;Corynebacterium mucifaciens;57171;409ee332-a2f2-4083-a1ec-4063cf89a0eb;1.801;+;Corynebacterium mucifaciens;57171;c472b207-f7fc-4f86-bd5d-c5f5f6e12d60;1.741;-;not reliable identification;E1;9ed22935-de18-4c58-a031-93a1f19c67eb;1.648;-;not reliable identification;E1;24db01a6-44b1-42f4-a954-ba1c1a3bb730;1.629;-;not reliable identification;E1;3ff0ed0e-a2e6-44bb-9114-9baef47c3061;1.605;-;not reliable identification;E1;05f48a9a-66b4-4a15-b054-878c84436bec;1.591;-;not reliable identification;E1;54fe5b7a-b64b-463c-878c-8032e73eac4f;1.426;-;not reliable identification;E1;beb8908e-b192-4e4f-89fc-7d0a02907def;1.35
MP_91316_ID1011026779;M-57A - 57A tisztatér_2020-09-22;+++;Staphylococcus epidermidis;1282;ca61ac93-70f3-4aba-a3cd-b69ba1df29c9;2.171;+++;Staphylococcus epidermidis;1282;affdd5db-be8f-4ee6-b395-757b3b820a98;2.093;+;Staphylococcus epidermidis;1282;cf58e860-e8a8-42cb-9f41-cfea4536d54e;1.997;+;Staphylococcus epidermidis;1282;219bdfd0-cd3d-48ae-a3ed-1245691e8c9e;1.99;+;Staphylococcus epidermidis;1282;fc503196-43eb-4d43-ba09-406712713928;1.974;+;Staphylococcus epidermidis;1282;84f155e4-1600-46a5-afea-eafb27233290;1.939;+;Staphylococcus epidermidis;1282;d8f3d81b-5949-4fec-96db-056d2d22cab7;1.936;+;Staphylococcus epidermidis;1282;b487a1e3-895e-49ae-bc1c-e940757982cc;1.903;+;Staphylococcus epidermidis;1282;cbefbe40-89e4-438c-81ca-ac8d312eda6d;1.788;+;Staphylococcus epidermidis;1282;2f7eae59-d395-4226-8734-f0f113d9abe9;1.714
MP_91317_ID1011026779;M-57A - 57A tisztatér_2020-09-22;-;not reliable identification;E1;54fe5b7a-b64b-463c-878c-8032e73eac4f;1.424;-;not reliable identification;E1;529e309f-8a49-4729-aafb-0eb2fcd522fd;1.218;-;not reliable identification;E1;52dfa612-e54b-4168-b300-7773a814d450;1.207;-;not reliable identification;E1;d650c164-4dab-46e5-8e53-e9d01c8feec6;1.154;-;not reliable identification;E1;361a5f47-ad65-48da-b847-cfde3094ec74;1.127;-;not reliable identification;E1;9ed22935-de18-4c58-a031-93a1f19c67eb;1.127;-;not reliable identification;E1;61db677a-78e2-48bb-b1a5-e3447760a98f;1.117;-;not reliable identification;E1;24db01a6-44b1-42f4-a954-ba1c1a3bb730;1.113;-;not reliable identification;E1;84f155e4-1600-46a5-afea-eafb27233290;1.109;-;not reliable identification;E1;0c7a43a4-1171-481d-b63b-9fd09092ac5d;1.102
MP_91318_ID1011026779;M-57A - 57A tisztatér_2020-09-22;+++;Corynebacterium mucifaciens;57171;9ed22935-de18-4c58-a031-93a1f19c67eb;2.126;+++;Corynebacterium mucifaciens;57171;52dfa612-e54b-4168-b300-7773a814d450;2.013;+;Corynebacterium mucifaciens;57171;54fe5b7a-b64b-463c-878c-8032e73eac4f;1.997;+;Corynebacterium mucifaciens;57171;24db01a6-44b1-42f4-a954-ba1c1a3bb730;1.979;+;Corynebacterium mucifaciens;57171;409ee332-a2f2-4083-a1ec-4063cf89a0eb;1.954;+;Corynebacterium mucifaciens;57171;3ff0ed0e-a2e6-44bb-9114-9baef47c3061;1.952;+;Corynebacterium ureicelerivorans;401472;ddf9133e-79b6-4dfb-a9e9-6a13721d15c9;1.907;+;Corynebacterium mucifaciens;57171;bd513651-f380-4528-823a-301bbb01cdfd;1.85;+;Corynebacterium mucifaciens;57171;c472b207-f7fc-4f86-bd5d-c5f5f6e12d60;1.735;-;not reliable identification;E1;05f48a9a-66b4-4a15-b054-878c84436bec;1.499
MP_91319_ID1011026779;M-1 - Szteroid II. tisztatere_2020-09-22;+++;Micrococcus luteus;1270;beec53ae-2e07-4400-8077-cd2fbf74766f;2.313;+++;Micrococcus luteus;1270;df205b83-8258-4046-aa99-d71c818c6628;2.276;+++;Micrococcus luteus;1270;70588a60-89e1-4f56-9f47-3c2ac3b9032d;2.221;+++;Micrococcus luteus;1270;03baea4f-ab2e-41fa-b92c-57426f337467;2.205;+++;Micrococcus luteus;1270;9e126652-4575-4da4-99b5-5f8495523218;2.198;+++;Micrococcus luteus;1270;8a9c776c-2313-4855-8887-5aff2ca98ff9;2.154;+++;Micrococcus luteus;1270;6ed61691-9887-4655-a4a7-2fbbc2bc9d05;2.094;+++;Micrococcus luteus;1270;7e64b71c-e9cd-4869-8f9d-4fa2b2e86d5b;2.075;+;Micrococcus luteus;1270;a4ed63bb-50dc-409f-a34d-d85c8ca123be;1.895;+;Micrococcus luteus;1270;b8c350c2-ef58-45bd-bd2e-cb21c4978e0d;1.847
MP_91320_ID1011026779;M-1 - Szteroid II. tisztatere_2020-09-22;+++;Micrococcus luteus;1270;9e126652-4575-4da4-99b5-5f8495523218;2.455;+++;Micrococcus luteus;1270;03baea4f-ab2e-41fa-b92c-57426f337467;2.397;+++;Micrococcus luteus;1270;6ed61691-9887-4655-a4a7-2fbbc2bc9d05;2.389;+++;Micrococcus luteus;1270;8a9c776c-2313-4855-8887-5aff2ca98ff9;2.341;+++;Micrococcus luteus;1270;beec53ae-2e07-4400-8077-cd2fbf74766f;2.209;+++;Micrococcus luteus;1270;70588a60-89e1-4f56-9f47-3c2ac3b9032d;2.163;+++;Micrococcus luteus;1270;7e64b71c-e9cd-4869-8f9d-4fa2b2e86d5b;2.134;+++;Micrococcus luteus;1270;df205b83-8258-4046-aa99-d71c818c6628;2.111;+++;Micrococcus luteus;1270;a4ed63bb-50dc-409f-a34d-d85c8ca123be;2.006;+;Micrococcus luteus;1270;590ee0ac-a5f2-4115-9d49-64d11d738754;1.806
MP_91321_ID1011026779;M-1 - Szteroid II. tisztatere_2020-09-22;+++;Staphylococcus capitis;72758;ad4829e0-beb1-4f06-9d16-e3bd1707afb2;2.331;+++;Staphylococcus capitis;72758;6e8c1752-3615-4167-bbc4-e2101bd745ec;2.249;+++;Staphylococcus capitis;72758;cfe9f50c-c0f7-462e-b828-25b7156cf9e5;2.157;+;Staphylococcus capitis;72758;c9999c48-5bd3-4c37-ab54-ed25af902121;1.971;+;Staphylococcus capitis;74703;98f4ade2-6a6d-4696-946e-2bc0331c0c6a;1.89;+;Staphylococcus capitis;72758;7ff5c2d5-93f0-4f1b-b1e3-edc061f22e96;1.785;-;not reliable identification;E1;41e1a0a1-2274-4b67-a6d6-c9c8caa20979;1.599;-;not reliable identification;E1;a117eb82-150b-4ff4-9168-bf5052681c4f;1.582;-;not reliable identification;E1;617a72b8-eefb-4c85-a9f1-e010ae7eeced;1.515;-;not reliable identification;E1;8fb18abc-00cf-4cd3-aa8c-dc5f90de0783;1.461
MP_91322_ID1011026779;M-1 - Szteroid II. tisztatere_2020-09-22;+++;Staphylococcus epidermidis;1282;affdd5db-be8f-4ee6-b395-757b3b820a98;2.171;+++;Staphylococcus epidermidis;1282;ca61ac93-70f3-4aba-a3cd-b69ba1df29c9;2.054;+;Staphylococcus epidermidis;1282;84f155e4-1600-46a5-afea-eafb27233290;1.97;+;Staphylococcus epidermidis;1282;219bdfd0-cd3d-48ae-a3ed-1245691e8c9e;1.97;+;Staphylococcus epidermidis;1282;cf58e860-e8a8-42cb-9f41-cfea4536d54e;1.961;+;Staphylococcus epidermidis;1282;d8f3d81b-5949-4fec-96db-056d2d22cab7;1.877;+;Staphylococcus epidermidis;1282;fc503196-43eb-4d43-ba09-406712713928;1.832;+;Staphylococcus epidermidis;1282;b487a1e3-895e-49ae-bc1c-e940757982cc;1.804;+;Staphylococcus epidermidis;1282;cbefbe40-89e4-438c-81ca-ac8d312eda6d;1.778;+;Staphylococcus caprae;29380;54623dc2-837d-4643-8fd6-7e8dfb7ce814;1.711
MP_91323_ID1011026779;M-57A - 57A tisztatér_2020-09-22;+;Bacillus simplex;1478;2a9ac13f-572d-4c75-adf6-ef68ba3906bd;1.719;+;Bacillus simplex;1478;7f3a0bb1-cae4-4f91-bd88-198e8103de47;1.711;-;not reliable identification;E1;b1e60861-d220-4bcc-9220-991f19225753;1.558;-;not reliable identification;E1;b0bf9261-078e-495e-b94b-34b7e180057e;1.477;-;not reliable identification;E1;4d213bfc-bc56-426c-a693-c34e9ca03727;1.436;-;not reliable identification;E1;bbfa04a4-86e8-4bd9-b0f4-30fa069ef6ed;1.403;-;not reliable identification;E1;69770af0-c008-4709-b50f-9c4470c27f07;1.324;-;not reliable identification;E1;4ea4fa86-ad5e-466f-8255-6ee4fdf68a34;1.267;-;not reliable identification;E1;a117eb82-150b-4ff4-9168-bf5052681c4f;1.26;-;not reliable identification;E1;8592ad00-013c-4335-a717-467a84f4edb5;1.232
MP_91324_ID1011026779;M-57A - 57A tisztatér_2020-09-22;+++;Micrococcus luteus;1270;beec53ae-2e07-4400-8077-cd2fbf74766f;2.413;+++;Micrococcus luteus;1270;70588a60-89e1-4f56-9f47-3c2ac3b9032d;2.39;+++;Micrococcus luteus;1270;9e126652-4575-4da4-99b5-5f8495523218;2.365;+++;Micrococcus luteus;1270;8a9c776c-2313-4855-8887-5aff2ca98ff9;2.303;+++;Micrococcus luteus;1270;03baea4f-ab2e-41fa-b92c-57426f337467;2.223;+++;Micrococcus luteus;1270;df205b83-8258-4046-aa99-d71c818c6628;2.176;+++;Micrococcus luteus;1270;6ed61691-9887-4655-a4a7-2fbbc2bc9d05;2.162;+++;Micrococcus luteus;1270;7e64b71c-e9cd-4869-8f9d-4fa2b2e86d5b;2.138;+;Micrococcus luteus;1270;a4ed63bb-50dc-409f-a34d-d85c8ca123be;1.994;+;Micrococcus luteus;1270;b8c350c2-ef58-45bd-bd2e-cb21c4978e0d;1.886
MP_91325_ID1011026779;M-57A - 57A tisztatér_2020-09-22;+++;Staphylococcus epidermidis;1282;affdd5db-be8f-4ee6-b395-757b3b820a98;2.016;+;Staphylococcus epidermidis;1282;cf58e860-e8a8-42cb-9f41-cfea4536d54e;1.89;+;Staphylococcus epidermidis;1282;ca61ac93-70f3-4aba-a3cd-b69ba1df29c9;1.782;+;Staphylococcus epidermidis;1282;d8f3d81b-5949-4fec-96db-056d2d22cab7;1.766;+;Staphylococcus epidermidis;1282;219bdfd0-cd3d-48ae-a3ed-1245691e8c9e;1.742;+;Staphylococcus epidermidis;1282;84f155e4-1600-46a5-afea-eafb27233290;1.731;-;not reliable identification;E1;cbefbe40-89e4-438c-81ca-ac8d312eda6d;1.604;-;not reliable identification;E1;ad4829e0-beb1-4f06-9d16-e3bd1707afb2;1.602;-;not reliable identification;E1;fc503196-43eb-4d43-ba09-406712713928;1.535;-;not reliable identification;E1;6fcbce10-8f23-4db6-8c3a-3d07099f033d;1.526
MP_91326_ID1011026779;M-1 - Szteroid II. tisztatere_2020-09-22;+++;Micrococcus flavus;1269;737b3ace-5efe-4b6a-ab5b-76dc460e5c09;2.229;+;Micrococcus flavus;1269;c493212e-5fb9-415b-b29a-1974b3479f7d;1.852;+;Micrococcus flavus;1269;82526e65-b5e3-4373-8378-c32128967749;1.701;-;not reliable identification;E1;5d403abd-4066-46c1-8ed9-b42dab904a8f;1.52;-;not reliable identification;E1;41a6dfeb-00b7-4901-97c1-8b201826ba32;1.513;-;not reliable identification;E1;8e140f5c-94f5-46aa-a410-7aa937967055;1.409;-;not reliable identification;E1;08da58a3-6529-4191-89ec-f1c40edf1cef;1.218;-;not reliable identification;E1;d57659c9-a032-4a28-8727-3be0c1da513a;1.202;-;not reliable identification;E1;13596a95-9d60-4603-9931-af025f099c9e;1.186;-;not reliable identification;E1;57c56311-6d42-4530-a383-c04293eae50d;1.163
MP_91327_ID1011026779;M-1 - Szteroid II. tisztatere_2020-09-22;+++;Micrococcus luteus;1270;03baea4f-ab2e-41fa-b92c-57426f337467;2.31;+++;Micrococcus luteus;1270;9e126652-4575-4da4-99b5-5f8495523218;2.222;+++;Micrococcus luteus;1270;beec53ae-2e07-4400-8077-cd2fbf74766f;2.123;+++;Micrococcus luteus;1270;8a9c776c-2313-4855-8887-5aff2ca98ff9;2.026;+;Micrococcus luteus;1270;6ed61691-9887-4655-a4a7-2fbbc2bc9d05;1.995;+;Micrococcus luteus;1270;70588a60-89e1-4f56-9f47-3c2ac3b9032d;1.989;+;Micrococcus luteus;1270;7e64b71c-e9cd-4869-8f9d-4fa2b2e86d5b;1.858;+;Micrococcus luteus;1270;590ee0ac-a5f2-4115-9d49-64d11d738754;1.841;+;Micrococcus luteus;1270;df205b83-8258-4046-aa99-d71c818c6628;1.78;+;Micrococcus luteus;1270;b8c350c2-ef58-45bd-bd2e-cb21c4978e0d;1.737
MP_91328_ID1011026779;M-1 - Szteroid II. tisztatere_2020-09-22;+++;Staphylococcus hominis;1290;605f3c45-5813-4f3b-a6b5-167657d17554;2.13;+++;Staphylococcus hominis;1290;ea5a5ac9-9ac0-4140-9847-5ab41db0adcd;2.03;+;Staphylococcus hominis;145393;5e23b082-76aa-4165-b045-a5d492cfc0f4;1.932;+;Staphylococcus hominis;145391;7b34c231-ee3b-4b58-bf7f-80de1314ce76;1.88;+;Staphylococcus hominis;145391;361808e4-83a8-45a7-9482-a3ab48717b0a;1.866;+;Staphylococcus hominis;1290;e42fa5b3-2a7d-46d6-b2e9-f55f49b91e95;1.833;+;Staphylococcus hominis;1290;6dc4986b-ecd2-437c-8e4d-6d95b5336e8c;1.754;-;not reliable identification;E1;cb25c9df-d4c9-4510-9627-ac25c9d32102;1.699;-;not reliable identification;E1;a670cab8-eab4-4e62-8621-6b28cf65f93b;1.473;-;not reliable identification;E1;fa3d061f-e63c-408a-9c3e-4cca8bcc4e88;1.43
MP_91329_ID1011026779;DMHL - Dorogi Mikrobiológiai és Higiénés Labor_2020-09-22;+++;Staphylococcus hominis;1290;605f3c45-5813-4f3b-a6b5-167657d17554;2.297;+++;Staphylococcus hominis;145391;7b34c231-ee3b-4b58-bf7f-80de1314ce76;2.221;+++;Staphylococcus hominis;145393;5e23b082-76aa-4165-b045-a5d492cfc0f4;2.21;+++;Staphylococcus hominis;1290;6dc4986b-ecd2-437c-8e4d-6d95b5336e8c;2.161;+++;Staphylococcus hominis;145391;361808e4-83a8-45a7-9482-a3ab48717b0a;2.135;+++;Staphylococcus hominis;1290;ea5a5ac9-9ac0-4140-9847-5ab41db0adcd;2.073;+++;Staphylococcus hominis;145391;cb25c9df-d4c9-4510-9627-ac25c9d32102;2.064;+;Staphylococcus hominis;1290;e42fa5b3-2a7d-46d6-b2e9-f55f49b91e95;1.998;-;not reliable identification;E1;6df8f8b1-c5b2-4a8b-965a-8e9c1206972d;1.576;-;not reliable identification;E1;263f37c8-2c7a-4d4b-97e2-252923304fb4;1.552
MP_91330_ID1011026779;DMHL - Dorogi Mikrobiológiai és Higiénés Labor_2020-09-22;+++;Staphylococcus epidermidis;1282;219bdfd0-cd3d-48ae-a3ed-1245691e8c9e;2.054;+++;Staphylococcus hominis;145393;5e23b082-76aa-4165-b045-a5d492cfc0f4;2.041;+++;Staphylococcus epidermidis;1282;ca61ac93-70f3-4aba-a3cd-b69ba1df29c9;2.013;+;Staphylococcus hominis;1290;605f3c45-5813-4f3b-a6b5-167657d17554;1.949;+;Staphylococcus hominis;1290;6dc4986b-ecd2-437c-8e4d-6d95b5336e8c;1.948;+;Staphylococcus hominis;1290;ea5a5ac9-9ac0-4140-9847-5ab41db0adcd;1.922;+;Staphylococcus epidermidis;1282;fc503196-43eb-4d43-ba09-406712713928;1.888;+;Staphylococcus epidermidis;1282;d8f3d81b-5949-4fec-96db-056d2d22cab7;1.861;+;Staphylococcus hominis;145391;cb25c9df-d4c9-4510-9627-ac25c9d32102;1.818;+;Staphylococcus hominis;145391;7b34c231-ee3b-4b58-bf7f-80de1314ce76;1.817
MP_91331_ID1011026779;DMHL - Dorogi Mikrobiológiai és Higiénés Labor_2020-09-23;+;Corynebacterium mucifaciens;57171;52dfa612-e54b-4168-b300-7773a814d450;1.783;+;Corynebacterium mucifaciens;57171;54fe5b7a-b64b-463c-878c-8032e73eac4f;1.76;+;Corynebacterium mucifaciens;57171;409ee332-a2f2-4083-a1ec-4063cf89a0eb;1.733;+;Corynebacterium mucifaciens;57171;9ed22935-de18-4c58-a031-93a1f19c67eb;1.724;+;Corynebacterium mucifaciens;57171;c472b207-f7fc-4f86-bd5d-c5f5f6e12d60;1.718;+;Corynebacterium ureicelerivorans;401472;ddf9133e-79b6-4dfb-a9e9-6a13721d15c9;1.702;-;not reliable identification;E1;24db01a6-44b1-42f4-a954-ba1c1a3bb730;1.659;-;not reliable identification;E1;3ff0ed0e-a2e6-44bb-9114-9baef47c3061;1.646;-;not reliable identification;E1;05f48a9a-66b4-4a15-b054-878c84436bec;1.43;-;not reliable identification;E1;bd513651-f380-4528-823a-301bbb01cdfd;1.426
MP_91332_ID1011026779;DMHL - Dorogi Mikrobiológiai és Higiénés Labor_2020-09-23;+;Staphylococcus warneri;1292;e4c22d93-138e-48d5-820d-98751b855c0e;1.86;+;Staphylococcus warneri;1292;d153c9c7-bc52-494e-b576-994839c2cb65;1.817;+;Staphylococcus warneri;1292;5f1cae44-63e1-4b28-a517-3b64d2c13af4;1.806;-;not reliable identification;E1;0746eebd-0dda-4fe6-9a22-bdcb4003f568;1.518;-;not reliable identification;E1;f456ebf0-621e-41a7-b861-695022f633c4;1.495;-;not reliable identification;E1;f2cfe654-ff28-4488-b0e6-d60e062cb065;1.493;-;not reliable identification;E1;d43baae2-a806-4825-8ebb-3ecd33e22b5c;1.376;-;not reliable identification;E1;6e8c1752-3615-4167-bbc4-e2101bd745ec;1.333;-;not reliable identification;E1;e42fa5b3-2a7d-46d6-b2e9-f55f49b91e95;1.331;-;not reliable identification;E1;ad4829e0-beb1-4f06-9d16-e3bd1707afb2;1.32
MP_91333_ID1011026779;S-2 - SzintI. 2. tisztatér_2020-09-23;+++;Aerococcus viridans;1377;b1bb4be0-8fe2-49e6-94e7-29113820105a;2.122;+++;Aerococcus viridans;1377;400b6d4f-a005-4d6e-8d5a-329efd73ca82;2.069;+++;Aerococcus viridans;1377;bc6d3ef5-6be8-4821-9e4a-06a9c67419cd;2.011;+;Aerococcus viridans;1377;6e6c8f4a-ea9e-40f2-a095-814535a32610;1.984;+;Aerococcus viridans;1377;be884c10-81cd-492b-bf3a-fcf87e905520;1.771;+;Aerococcus viridans;1377;ff202051-9516-4c32-b7f7-69f26d123f69;1.745;-;not reliable identification;E1;a9e62bfd-7e24-48b7-91e4-8d15072ce841;1.675;-;not reliable identification;E1;e5afadf4-e565-4637-8cb4-6ee7d3b643e8;1.604;-;not reliable identification;E1;e7437f83-d303-4a68-bc94-6bfb1d5ccefe;1.593;-;not reliable identification;E1;53e89f90-31e2-4090-a211-485812b9536f;1.561
MP_91334_ID1011026779;S-2 - SzintI. 2. tisztatér_2020-09-23;+;Corynebacterium mucifaciens;57171;409ee332-a2f2-4083-a1ec-4063cf89a0eb;1.928;+;Corynebacterium mucifaciens;57171;52dfa612-e54b-4168-b300-7773a814d450;1.852;+;Corynebacterium mucifaciens;57171;c472b207-f7fc-4f86-bd5d-c5f5f6e12d60;1.83;+;Corynebacterium mucifaciens;57171;54fe5b7a-b64b-463c-878c-8032e73eac4f;1.798;+;Corynebacterium ureicelerivorans;401472;ddf9133e-79b6-4dfb-a9e9-6a13721d15c9;1.78;-;not reliable identification;E1;24db01a6-44b1-42f4-a954-ba1c1a3bb730;1.681;-;not reliable identification;E1;9ed22935-de18-4c58-a031-93a1f19c67eb;1.62;-;not reliable identification;E1;3ff0ed0e-a2e6-44bb-9114-9baef47c3061;1.619;-;not reliable identification;E1;bd513651-f380-4528-823a-301bbb01cdfd;1.507;-;not reliable identification;E1;05f48a9a-66b4-4a15-b054-878c84436bec;1.271
MP_91335_ID1011026779;S-2 - SzintI. 2. tisztatér_2020-09-23;+++;Bacillus cereus;1396;a03f0f48-ba49-4c76-a810-740ad67f1f81;2.389;+++;Bacillus cereus;1396;f18ef0ed-7b87-4d0f-979a-a42509761387;2.151;+++;Bacillus cereus;1396;1c03d81e-e133-485e-82a5-1a65cf1631d7;2.088;+;Bacillus cytotoxicus;1386;7a9c9546-a7da-4d3b-bb6d-5de90e7d7175;1.867;+;Bacillus weihenstephanensis;86662;0d62b03d-601e-44d1-ad73-8d0b319fcc87;1.836;+;Bacillus mycoides;1405;0a416a17-f38d-4a8c-84d2-694a529b211c;1.831;+;Bacillus cereus;1396;22b513d5-b3ad-4ede-b9fb-716c741d3a85;1.809;+;Bacillus pseudomycoides;64104;d650c164-4dab-46e5-8e53-e9d01c8feec6;1.798;-;not reliable identification;E1;14a73db5-426e-4c4d-b81a-eb12c6a7b635;1.671;-;not reliable identification;E1;77ad09b4-ec10-4f69-946c-cb7727c0bb6c;1.585
MP_91336_ID1011026779;S-2 - SzintI. 2. tisztatér_2020-09-23;+++;Corynebacterium mucifaciens;57171;52dfa612-e54b-4168-b300-7773a814d450;2.092;+++;Corynebacterium mucifaciens;57171;409ee332-a2f2-4083-a1ec-4063cf89a0eb;2.041;+;Corynebacterium mucifaciens;57171;9ed22935-de18-4c58-a031-93a1f19c67eb;1.989;+;Corynebacterium mucifaciens;57171;c472b207-f7fc-4f86-bd5d-c5f5f6e12d60;1.908;+;Corynebacterium mucifaciens;57171;24db01a6-44b1-42f4-a954-ba1c1a3bb730;1.838;+;Corynebacterium mucifaciens;57171;3ff0ed0e-a2e6-44bb-9114-9baef47c3061;1.828;+;Corynebacterium ureicelerivorans;401472;ddf9133e-79b6-4dfb-a9e9-6a13721d15c9;1.756;+;Corynebacterium mucifaciens;57171;54fe5b7a-b64b-463c-878c-8032e73eac4f;1.74;+;Corynebacterium mucifaciens;57171;bd513651-f380-4528-823a-301bbb01cdfd;1.733;-;not reliable identification;E1;05f48a9a-66b4-4a15-b054-878c84436bec;1.602
MP_91337_ID1011026779;S-2 - SzintI. 2. tisztatér_2020-09-23;+++;Kocuria rhizophila;72000;6f448d45-d04f-40e8-8dba-50ca480f76d5;2.047;+++;Kocuria rhizophila;72000;84e921b7-c8a6-4c51-a0b9-94eb5e3aa00a;2.044;+;Kocuria rhizophila;72000;f1ccb9bb-d088-4aca-90eb-d1552cb01090;1.979;+;Kocuria rhizophila;72000;db2b8bd9-fb02-42c9-8163-4ec1f548fb67;1.95;-;not reliable identification;E1;e6e99f21-ea3d-4710-94bb-d77fb817f3e0;1.59;-;not reliable identification;E1;e2d75231-4ba4-4616-b5f2-e2542ab1c424;1.509;-;not reliable identification;E1;4a3d3a36-efd2-4dc9-8cd3-93ebd7c8b4a7;1.398;-;not reliable identification;E1;0f4471ce-d955-4890-9910-a9e3405653e8;1.322;-;not reliable identification;E1;3df9583b-89aa-496d-94fe-84f7cae12218;1.314;-;not reliable identification;E1;8a9153ec-5188-4878-bb5f-45c7c3b00a24;1.275
MP_91338_ID1011026779;S-2 - SzintI. 2. tisztatér_2020-09-23;+;Staphylococcus warneri;1292;0203172b-1116-4ddc-8850-cb871f84be31;1.982;+;Staphylococcus warneri;1292;5f1cae44-63e1-4b28-a517-3b64d2c13af4;1.88;+;Staphylococcus warneri;1292;e4c22d93-138e-48d5-820d-98751b855c0e;1.874;+;Staphylococcus warneri;1292;afd71a76-0e5f-4e4f-8a8a-c2b83501bf18;1.799;+;Staphylococcus warneri;1292;30e0768a-9e7f-4c3c-ad1f-471557c50943;1.718;-;not reliable identification;E1;c98e7b49-3671-46fa-b899-9b5482a17e0f;1.603;-;not reliable identification;E1;d153c9c7-bc52-494e-b576-994839c2cb65;1.583;-;not reliable identification;E1;ead23fc4-9bde-4f3e-99cc-44f28eb20b1a;1.489;-;not reliable identification;E1;6929a026-eaee-46c9-921f-189f438c83fe;1.449;-;not reliable identification;E1;5dd4fec7-cb0e-4c9d-b913-b9b76e5301ce;1.444
MP_91339_ID1011026779;S-2 - SzintI. 2. tisztatér_2020-09-23;-;not reliable identification;E1;f1ccb9bb-d088-4aca-90eb-d1552cb01090;1.404;-;not reliable identification;E1;89e3de78-a2d1-4aa3-b9bd-be052112d5a4;1.352;-;not reliable identification;E1;b1c41aeb-698c-4695-8f75-331f70051e31;1.347;-;not reliable identification;E1;778c38e7-652c-4079-9a51-3e95a25849f8;1.334;-;not reliable identification;E1;bdf54c9f-ec50-4b47-9404-dd19dcdc1a02;1.312;-;not reliable identification;E1;68f614ce-ab6b-45b2-a108-a0721b6eb935;1.3;-;not reliable identification;E1;35ac99ab-4287-4314-9bcf-5aa9184265d8;1.292;-;not reliable identification;E1;14b3a847-8661-4598-80e2-d95e077feb89;1.289;-;not reliable identification;E1;4e722bf3-207b-470c-8f28-2e6f7b377160;1.265;-;not reliable identification;E1;0e91e5de-637b-48a9-816d-654812677d85;1.253
MP_91340_ID1011026779;S-2 - SzintI. 2. tisztatér_2020-09-23;+++;Staphylococcus hominis;1290;605f3c45-5813-4f3b-a6b5-167657d17554;2.165;+++;Staphylococcus hominis;145391;361808e4-83a8-45a7-9482-a3ab48717b0a;2.113;+++;Staphylococcus hominis;1290;ea5a5ac9-9ac0-4140-9847-5ab41db0adcd;2.105;+++;Staphylococcus hominis;145391;7b34c231-ee3b-4b58-bf7f-80de1314ce76;2.099;+++;Staphylococcus hominis;1290;e42fa5b3-2a7d-46d6-b2e9-f55f49b91e95;2.091;+++;Staphylococcus hominis;145393;5e23b082-76aa-4165-b045-a5d492cfc0f4;2.086;+++;Staphylococcus hominis;145391;cb25c9df-d4c9-4510-9627-ac25c9d32102;2.005;+;Staphylococcus hominis;1290;6dc4986b-ecd2-437c-8e4d-6d95b5336e8c;1.732;-;not reliable identification;E1;263f37c8-2c7a-4d4b-97e2-252923304fb4;1.604;-;not reliable identification;E1;fa3d061f-e63c-408a-9c3e-4cca8bcc4e88;1.425
MP_91341_ID1011026779;S-2 - SzintI. 2. tisztatér_2020-09-23;+;Paenibacillus lactis;228574;d19c5a56-1142-45c1-b6c0-5f7f56b3509f;1.842;+;Pseudoclavibacter sp;255204;7f9b926b-232e-447c-9ede-b7f577d546d3;1.782;-;not reliable identification;E1;f1916ce8-13d6-4e41-aa24-21ef2d9b4a0b;1.536;-;not reliable identification;E1;371ea977-688c-434d-a228-8e1132960c92;1.454;-;not reliable identification;E1;0de8d933-ef78-47c9-b2d6-a6279143ba49;1.426;-;not reliable identification;E1;73245ee3-ebd0-4052-881b-0b304c8824e5;1.416;-;not reliable identification;E1;8a20c9ea-9df9-4d18-8739-3aa3792fa177;1.415;-;not reliable identification;E1;5fdad634-646a-48e3-b8e5-922c7ce67f90;1.264;-;not reliable identification;E1;bd5c2d33-b780-431e-8522-34387e99ab42;1.232;-;not reliable identification;E1;dd050863-ae54-4dbc-b0af-01647a9c015a;1.221
MP_91342_ID1011026779;S-2 - SzintI. 2. tisztatér_2020-09-23;+;Corynebacterium mucifaciens;57171;52dfa612-e54b-4168-b300-7773a814d450;1.891;-;not reliable identification;E1;d19c5a56-1142-45c1-b6c0-5f7f56b3509f;1.689;-;not reliable identification;E1;3ff0ed0e-a2e6-44bb-9114-9baef47c3061;1.671;-;not reliable identification;E1;9ed22935-de18-4c58-a031-93a1f19c67eb;1.631;-;not reliable identification;E1;ddf9133e-79b6-4dfb-a9e9-6a13721d15c9;1.559;-;not reliable identification;E1;54fe5b7a-b64b-463c-878c-8032e73eac4f;1.546;-;not reliable identification;E1;bd513651-f380-4528-823a-301bbb01cdfd;1.513;-;not reliable identification;E1;05f48a9a-66b4-4a15-b054-878c84436bec;1.447;-;not reliable identification;E1;409ee332-a2f2-4083-a1ec-4063cf89a0eb;1.442;-;not reliable identification;E1;24db01a6-44b1-42f4-a954-ba1c1a3bb730;1.434
MP_91343_ID1011026779;S-2 - SzintI. 2. tisztatér_2020-09-23;-;no peaks found;E2;;0
MP_91344_ID1011026779;S-2 - SzintI. 2. tisztatér_2020-09-23;+++;Micrococcus luteus;1270;03baea4f-ab2e-41fa-b92c-57426f337467;2.219;+++;Micrococcus luteus;1270;9e126652-4575-4da4-99b5-5f8495523218;2.207;+++;Micrococcus luteus;1270;70588a60-89e1-4f56-9f47-3c2ac3b9032d;2.203;+++;Micrococcus luteus;1270;beec53ae-2e07-4400-8077-cd2fbf74766f;2.182;+++;Micrococcus luteus;1270;df205b83-8258-4046-aa99-d71c818c6628;2.171;+++;Micrococcus luteus;1270;7e64b71c-e9cd-4869-8f9d-4fa2b2e86d5b;2.155;+++;Micrococcus luteus;1270;8a9c776c-2313-4855-8887-5aff2ca98ff9;2.01;+;Micrococcus luteus;1270;a4ed63bb-50dc-409f-a34d-d85c8ca123be;1.961;+;Micrococcus luteus;1270;6ed61691-9887-4655-a4a7-2fbbc2bc9d05;1.934;+;Micrococcus luteus;1270;b8c350c2-ef58-45bd-bd2e-cb21c4978e0d;1.784
MP_91345_ID1011026779;S-2 - SzintI. 2. tisztatér_2020-09-23;+++;Staphylococcus haemolyticus;1283;47e7c312-231a-4f79-a192-9dccad334d7c;2.309;+++;Staphylococcus haemolyticus;1283;4e977d76-2fa4-4a91-842d-dfb21e083370;2.01;+;Staphylococcus haemolyticus;1283;5e0d2b36-f285-4c37-b3f8-8a957c1b54b5;1.948;+;Staphylococcus haemolyticus;1283;f2959610-ea1d-41e0-b391-d5b7502a3ac5;1.724;-;not reliable identification;E1;61b34193-e250-4efa-9fc9-2057aa633e28;1.65;-;not reliable identification;E1;37f3ad54-a305-4c0d-a883-fd1492bfdf2d;1.626;-;not reliable identification;E1;e4efd75f-bbb0-4c0f-89d2-9e180310609d;1.614;-;not reliable identification;E1;c36e44ee-514d-4ba3-a77a-244e0e01929f;1.605;-;not reliable identification;E1;a17b8a09-e99a-41b2-b121-255c6e33b567;1.595;-;not reliable identification;E1;bb1d3135-1a65-486b-8740-a5704725bf02;1.568
MP_91346_ID1011026779;DMHL - Dorogi Mikrobiológiai és Higiénés Labor_2020-09-24;-;not reliable identification;E1;f339d09c-20f9-4f29-852c-59fe3c5d0217;1.321;-;not reliable identification;E1;7155864d-cc48-4811-b9a4-67089aba98db;1.267;-;not reliable identification;E1;2d037051-f059-4398-98f4-906e9d13aa0d;1.222;-;not reliable identification;E1;7a42da4e-5050-4306-adb2-2cd131fff129;1.138;-;not reliable identification;E1;f5222376-37f4-40f3-90da-24c58dbd9ec2;1.134;-;not reliable identification;E1;e633d638-fbb7-49aa-8962-135aee473ebb;1.112;-;not reliable identification;E1;bb1e3dc7-3313-4104-b93a-92be16b366f9;1.111;-;not reliable identification;E1;ae6e9a1c-56c3-4014-b177-793e11fe801d;1.101;-;not reliable identification;E1;d2a4e7d7-dff4-4974-af30-e9352bf3faef;1.094;-;not reliable identification;E1;eca936ac-699c-41d6-a470-528912d5b095;1.083
MP_91347_ID1011026779;DMHL - Dorogi Mikrobiológiai és Higiénés Labor_2020-09-24;-;not reliable identification;E1;6941b927-f4c3-4673-bc2e-5350ab628f14;1.363;-;not reliable identification;E1;f6a8adda-87a1-4d12-9d3c-c224492433f9;1.35;-;not reliable identification;E1;20f78b5c-afd8-4135-a202-0b95ca13b5f1;1.321;-;not reliable identification;E1;90898f7a-f30a-463c-ace7-5f332fcb4eb2;1.302;-;not reliable identification;E1;55772cfc-0cd5-45b7-953d-eed0e4348698;1.267;-;not reliable identification;E1;c354d51e-1999-4094-98dc-829b38d661e2;1.252;-;not reliable identification;E1;9c853d68-6e9e-4f6c-9ee2-6f21630fff34;1.235;-;not reliable identification;E1;6b7ea6d8-eb49-4e11-bf1e-348476711663;1.227;-;not reliable identification;E1;5625948d-b479-4433-a64a-79a7e4e238a8;1.227;-;not reliable identification;E1;476d598d-2d85-4c7a-afa1-46a399be0889;1.214
MP_91348_ID1011026779;S-1_1 - Szint I. 1 tisztatér KASP_2020-09-24;+++;Staphylococcus hominis;1290;605f3c45-5813-4f3b-a6b5-167657d17554;2.222;+++;Staphylococcus hominis;145393;5e23b082-76aa-4165-b045-a5d492cfc0f4;2.162;+++;Staphylococcus hominis;1290;ea5a5ac9-9ac0-4140-9847-5ab41db0adcd;2.152;+++;Staphylococcus hominis;145391;7b34c231-ee3b-4b58-bf7f-80de1314ce76;2.127;+++;Staphylococcus hominis;1290;6dc4986b-ecd2-437c-8e4d-6d95b5336e8c;2.09;+++;Staphylococcus hominis;145391;361808e4-83a8-45a7-9482-a3ab48717b0a;2.041;+;Staphylococcus hominis;145391;cb25c9df-d4c9-4510-9627-ac25c9d32102;1.956;+;Staphylococcus hominis;1290;e42fa5b3-2a7d-46d6-b2e9-f55f49b91e95;1.944;-;not reliable identification;E1;dc89f759-192d-439b-8258-23f16faa3e0d;1.289;-;not reliable identification;E1;e410b9d5-08ad-459e-bbbe-f009bcf2b7f8;1.262
MP_91349_ID1011026779;S-1_1 - Szint I. 1 tisztatér KASP_2020-09-24;+++;Micrococcus luteus;1270;8a9c776c-2313-4855-8887-5aff2ca98ff9;2.144;+++;Micrococcus luteus;1270;70588a60-89e1-4f56-9f47-3c2ac3b9032d;2.14;+++;Micrococcus luteus;1270;7e64b71c-e9cd-4869-8f9d-4fa2b2e86d5b;2.061;+++;Micrococcus luteus;1270;9e126652-4575-4da4-99b5-5f8495523218;2.045;+++;Micrococcus luteus;1270;beec53ae-2e07-4400-8077-cd2fbf74766f;2.034;+++;Micrococcus luteus;1270;03baea4f-ab2e-41fa-b92c-57426f337467;2.024;+;Micrococcus luteus;1270;df205b83-8258-4046-aa99-d71c818c6628;1.938;+;Micrococcus luteus;1270;6ed61691-9887-4655-a4a7-2fbbc2bc9d05;1.776;-;not reliable identification;E1;a4ed63bb-50dc-409f-a34d-d85c8ca123be;1.648;-;not reliable identification;E1;4319c037-c822-48f9-a9df-88300639661c;1.582
MP_91350_ID1011026779;S-1_1 - Szint I. 1 tisztatér KASP_2020-09-24;+++;Bacillus cereus;1396;a03f0f48-ba49-4c76-a810-740ad67f1f81;2.402;+;Bacillus cereus;1396;22b513d5-b3ad-4ede-b9fb-716c741d3a85;1.894;+;Bacillus weihenstephanensis;86662;0d62b03d-601e-44d1-ad73-8d0b319fcc87;1.86;+;Bacillus cereus;1396;1c03d81e-e133-485e-82a5-1a65cf1631d7;1.796;+;Bacillus cereus;1396;f18ef0ed-7b87-4d0f-979a-a42509761387;1.775;+;Bacillus thuringiensis;1428;77ad09b4-ec10-4f69-946c-cb7727c0bb6c;1.774;+;Bacillus cytotoxicus;1386;7a9c9546-a7da-4d3b-bb6d-5de90e7d7175;1.735;-;not reliable identification;E1;14a73db5-426e-4c4d-b81a-eb12c6a7b635;1.63;-;not reliable identification;E1;0a416a17-f38d-4a8c-84d2-694a529b211c;1.625;-;not reliable identification;E1;d650c164-4dab-46e5-8e53-e9d01c8feec6;1.61
MP_91351_ID1011026779;S-1_1 - Szint I. 1 tisztatér KASP_2020-09-24;+++;Micrococcus luteus;1270;8a9c776c-2313-4855-8887-5aff2ca98ff9;2.258;+++;Micrococcus luteus;1270;70588a60-89e1-4f56-9f47-3c2ac3b9032d;2.211;+++;Micrococcus luteus;1270;beec53ae-2e07-4400-8077-cd2fbf74766f;2.209;+++;Micrococcus luteus;1270;9e126652-4575-4da4-99b5-5f8495523218;2.197;+++;Micrococcus luteus;1270;03baea4f-ab2e-41fa-b92c-57426f337467;2.159;+++;Micrococcus luteus;1270;6ed61691-9887-4655-a4a7-2fbbc2bc9d05;2.156;+++;Micrococcus luteus;1270;df205b83-8258-4046-aa99-d71c818c6628;2.111;+++;Micrococcus luteus;1270;a4ed63bb-50dc-409f-a34d-d85c8ca123be;2.037;+++;Micrococcus luteus;1270;7e64b71c-e9cd-4869-8f9d-4fa2b2e86d5b;2.018;+;Micrococcus luteus;1270;b8c350c2-ef58-45bd-bd2e-cb21c4978e0d;1.843
MP_91352_ID1011026779;S-1_1 - Szint I. 1 tisztatér KASP_2020-09-24;+++;Staphylococcus epidermidis;1282;ca61ac93-70f3-4aba-a3cd-b69ba1df29c9;2.158;+++;Staphylococcus epidermidis;1282;affdd5db-be8f-4ee6-b395-757b3b820a98;2.132;+++;Staphylococcus epidermidis;1282;cf58e860-e8a8-42cb-9f41-cfea4536d54e;2.097;+++;Staphylococcus epidermidis;1282;219bdfd0-cd3d-48ae-a3ed-1245691e8c9e;2.034;+;Staphylococcus epidermidis;1282;fc503196-43eb-4d43-ba09-406712713928;1.921;+;Staphylococcus epidermidis;1282;d8f3d81b-5949-4fec-96db-056d2d22cab7;1.892;+;Staphylococcus epidermidis;1282;b487a1e3-895e-49ae-bc1c-e940757982cc;1.845;+;Staphylococcus epidermidis;1282;cbefbe40-89e4-438c-81ca-ac8d312eda6d;1.7;-;not reliable identification;E1;84f155e4-1600-46a5-afea-eafb27233290;1.612;-;not reliable identification;E1;30e0768a-9e7f-4c3c-ad1f-471557c50943;1.584
MP_91353_ID1011026779;DMHL - Dorogi Mikrobiológiai és Higiénés Labor_2020-09-24;+++;Staphylococcus epidermidis;1282;affdd5db-be8f-4ee6-b395-757b3b820a98;2.376;+++;Staphylococcus epidermidis;1282;219bdfd0-cd3d-48ae-a3ed-1245691e8c9e;2.045;+++;Staphylococcus epidermidis;1282;cf58e860-e8a8-42cb-9f41-cfea4536d54e;2.01;+++;Staphylococcus epidermidis;1282;d8f3d81b-5949-4fec-96db-056d2d22cab7;2.005;+;Staphylococcus epidermidis;1282;ca61ac93-70f3-4aba-a3cd-b69ba1df29c9;1.99;+;Staphylococcus epidermidis;1282;cbefbe40-89e4-438c-81ca-ac8d312eda6d;1.88;+;Staphylococcus epidermidis;1282;84f155e4-1600-46a5-afea-eafb27233290;1.854;+;Staphylococcus epidermidis;1282;fc503196-43eb-4d43-ba09-406712713928;1.756;-;not reliable identification;E1;a117eb82-150b-4ff4-9168-bf5052681c4f;1.696;-;not reliable identification;E1;a0157aa1-1cb4-419c-8239-075355610383;1.531
MP_91354_ID1011026779;DMHL - Dorogi Mikrobiológiai és Higiénés Labor_2020-09-24;+++;Staphylococcus hominis;145391;7b34c231-ee3b-4b58-bf7f-80de1314ce76;2.037;+;Staphylococcus hominis;1290;e42fa5b3-2a7d-46d6-b2e9-f55f49b91e95;1.992;+;Staphylococcus hominis;145391;361808e4-83a8-45a7-9482-a3ab48717b0a;1.952;+;Staphylococcus hominis;145391;cb25c9df-d4c9-4510-9627-ac25c9d32102;1.934;+;Staphylococcus hominis;1290;605f3c45-5813-4f3b-a6b5-167657d17554;1.908;+;Staphylococcus hominis;145393;5e23b082-76aa-4165-b045-a5d492cfc0f4;1.829;+;Staphylococcus hominis;1290;ea5a5ac9-9ac0-4140-9847-5ab41db0adcd;1.709;-;not reliable identification;E1;6dc4986b-ecd2-437c-8e4d-6d95b5336e8c;1.694;-;not reliable identification;E1;ad4829e0-beb1-4f06-9d16-e3bd1707afb2;1.55;-;not reliable identification;E1;361b80ac-1418-46d5-8c97-b85bdffa2c3d;1.402
MP_91355_ID1011026779;L-491 - Szint III. 491. tisztatér_2020-09-25;+++;Micrococcus luteus;1270;beec53ae-2e07-4400-8077-cd2fbf74766f;2.082;+++;Micrococcus luteus;1270;df205b83-8258-4046-aa99-d71c818c6628;2.012;+;Micrococcus luteus;1270;70588a60-89e1-4f56-9f47-3c2ac3b9032d;1.938;+;Micrococcus luteus;1270;b8c350c2-ef58-45bd-bd2e-cb21c4978e0d;1.922;+;Micrococcus luteus;1270;9e126652-4575-4da4-99b5-5f8495523218;1.848;+;Micrococcus luteus;1270;7e64b71c-e9cd-4869-8f9d-4fa2b2e86d5b;1.837;+;Micrococcus luteus;1270;a4ed63bb-50dc-409f-a34d-d85c8ca123be;1.833;+;Micrococcus luteus;1270;8a9c776c-2313-4855-8887-5aff2ca98ff9;1.832;+;Micrococcus luteus;1270;6ed61691-9887-4655-a4a7-2fbbc2bc9d05;1.826;+;Micrococcus luteus;1270;03baea4f-ab2e-41fa-b92c-57426f337467;1.759
MP_91356_ID1011026779;L-491 - Szint III. 491. tisztatér_2020-09-25;+++;Micrococcus luteus;1270;beec53ae-2e07-4400-8077-cd2fbf74766f;2.43;+++;Micrococcus luteus;1270;03baea4f-ab2e-41fa-b92c-57426f337467;2.277;+++;Micrococcus luteus;1270;df205b83-8258-4046-aa99-d71c818c6628;2.208;+++;Micrococcus luteus;1270;9e126652-4575-4da4-99b5-5f8495523218;2.168;+++;Micrococcus luteus;1270;70588a60-89e1-4f56-9f47-3c2ac3b9032d;2.166;+++;Micrococcus luteus;1270;6ed61691-9887-4655-a4a7-2fbbc2bc9d05;2.121;+++;Micrococcus luteus;1270;a4ed63bb-50dc-409f-a34d-d85c8ca123be;2.084;+++;Micrococcus luteus;1270;8a9c776c-2313-4855-8887-5aff2ca98ff9;2.069;+++;Micrococcus luteus;1270;b8c350c2-ef58-45bd-bd2e-cb21c4978e0d;2.039;+;Micrococcus luteus;1270;4319c037-c822-48f9-a9df-88300639661c;1.764
MP_91357_ID1011026779;L-491 - Szint III. 491. tisztatér_2020-09-25;+;Corynebacterium mucifaciens;57171;409ee332-a2f2-4083-a1ec-4063cf89a0eb;1.798;+;Corynebacterium mucifaciens;57171;c472b207-f7fc-4f86-bd5d-c5f5f6e12d60;1.773;+;Corynebacterium mucifaciens;57171;52dfa612-e54b-4168-b300-7773a814d450;1.743;-;not reliable identification;E1;7dd96567-a3dc-479a-a919-72f28831a295;1.601;-;not reliable identification;E1;b45f3cab-4341-4a9c-adb0-ea5d07df0058;1.552;-;not reliable identification;E1;da1d7c03-9b22-4eb7-8a5a-b6cd216bc2dc;1.457;-;not reliable identification;E1;ddf9133e-79b6-4dfb-a9e9-6a13721d15c9;1.432;-;not reliable identification;E1;bd513651-f380-4528-823a-301bbb01cdfd;1.417;-;not reliable identification;E1;9ed22935-de18-4c58-a031-93a1f19c67eb;1.376;-;not reliable identification;E1;54fe5b7a-b64b-463c-878c-8032e73eac4f;1.35
MP_91358_ID1011026779;L-491 - Szint III. 491. tisztatér_2020-09-25;-;no peaks found;E2;;0
MP_91359_ID1011026779;L-491 - Szint III. 491. tisztatér_2020-09-25;+++;Staphylococcus epidermidis;1282;affdd5db-be8f-4ee6-b395-757b3b820a98;2.233;+++;Staphylococcus epidermidis;1282;d8f3d81b-5949-4fec-96db-056d2d22cab7;2.015;+;Staphylococcus epidermidis;1282;cf58e860-e8a8-42cb-9f41-cfea4536d54e;1.955;+;Staphylococcus epidermidis;1282;ca61ac93-70f3-4aba-a3cd-b69ba1df29c9;1.907;+;Staphylococcus epidermidis;1282;219bdfd0-cd3d-48ae-a3ed-1245691e8c9e;1.864;+;Staphylococcus epidermidis;1282;cbefbe40-89e4-438c-81ca-ac8d312eda6d;1.846;+;Staphylococcus epidermidis;1282;fc503196-43eb-4d43-ba09-406712713928;1.77;+;Staphylococcus epidermidis;1282;84f155e4-1600-46a5-afea-eafb27233290;1.705;-;not reliable identification;E1;b487a1e3-895e-49ae-bc1c-e940757982cc;1.692;-;not reliable identification;E1;ad4829e0-beb1-4f06-9d16-e3bd1707afb2;1.648
MP_91360_ID1011026779;L-491 - Szint III. 491. tisztatér_2020-09-25;+++;Micrococcus luteus;1270;03baea4f-ab2e-41fa-b92c-57426f337467;2.366;+++;Micrococcus luteus;1270;9e126652-4575-4da4-99b5-5f8495523218;2.314;+++;Micrococcus luteus;1270;8a9c776c-2313-4855-8887-5aff2ca98ff9;2.277;+++;Micrococcus luteus;1270;70588a60-89e1-4f56-9f47-3c2ac3b9032d;2.193;+++;Micrococcus luteus;1270;beec53ae-2e07-4400-8077-cd2fbf74766f;2.178;+++;Micrococcus luteus;1270;6ed61691-9887-4655-a4a7-2fbbc2bc9d05;2.174;+++;Micrococcus luteus;1270;df205b83-8258-4046-aa99-d71c818c6628;2.153;+++;Micrococcus luteus;1270;a4ed63bb-50dc-409f-a34d-d85c8ca123be;2.01;+;Micrococcus luteus;1270;b8c350c2-ef58-45bd-bd2e-cb21c4978e0d;1.952;+;Micrococcus luteus;1270;7e64b71c-e9cd-4869-8f9d-4fa2b2e86d5b;1.934
MP_91361_ID1011026779;L-491 - Szint III. 491. tisztatér_2020-09-25;+;Corynebacterium afermentans;144183;88582672-78d6-43bc-b0d0-66bc086904d4;1.842;+;Corynebacterium afermentans;144183;ce6d165c-1fe1-48ff-b036-56407142a03e;1.817;+;Corynebacterium afermentans;144183;d60e840a-a0ea-470e-ba5f-8b465993e949;1.785;-;not reliable identification;E1;0dbbdfe1-0091-40c9-9eaa-6440e639cd17;1.637;-;not reliable identification;E1;54fe5b7a-b64b-463c-878c-8032e73eac4f;1.588;-;not reliable identification;E1;24db01a6-44b1-42f4-a954-ba1c1a3bb730;1.579;-;not reliable identification;E1;af686a06-6c06-4399-887f-e9d3b1d69c7e;1.514;-;not reliable identification;E1;23783d39-c35f-442b-b6b1-604b21fab880;1.461;-;not reliable identification;E1;9ed22935-de18-4c58-a031-93a1f19c67eb;1.445;-;not reliable identification;E1;3ff0ed0e-a2e6-44bb-9114-9baef47c3061;1.412
MP_91362_ID1011026779;L-491 - Szint III. 491. tisztatér_2020-09-25;+++;Staphylococcus capitis;72758;6e8c1752-3615-4167-bbc4-e2101bd745ec;2.236;+++;Staphylococcus capitis;72758;cfe9f50c-c0f7-462e-b828-25b7156cf9e5;2.228;+++;Staphylococcus capitis;74703;98f4ade2-6a6d-4696-946e-2bc0331c0c6a;2.181;+++;Staphylococcus capitis;72758;ad4829e0-beb1-4f06-9d16-e3bd1707afb2;2.163;+;Staphylococcus capitis;72758;c9999c48-5bd3-4c37-ab54-ed25af902121;1.999;+;Staphylococcus capitis;72758;7ff5c2d5-93f0-4f1b-b1e3-edc061f22e96;1.988;+;Staphylococcus capitis;29388;ae10ca58-4de5-4877-a03e-675f6b6826df;1.891;-;not reliable identification;E1;a117eb82-150b-4ff4-9168-bf5052681c4f;1.65;-;not reliable identification;E1;6bfdfee7-a2d2-43e9-bad6-a5bf9f4790b9;1.635;-;not reliable identification;E1;affdd5db-be8f-4ee6-b395-757b3b820a98;1.6
MP_91363_ID1011026779;L-491 - Szint III. 491. tisztatér_2020-09-25;+;Corynebacterium afermentans;144183;ce6d165c-1fe1-48ff-b036-56407142a03e;1.832;+;Corynebacterium afermentans;144183;88582672-78d6-43bc-b0d0-66bc086904d4;1.762;-;not reliable identification;E1;d60e840a-a0ea-470e-ba5f-8b465993e949;1.486;-;not reliable identification;E1;52dfa612-e54b-4168-b300-7773a814d450;1.392;-;not reliable identification;E1;23783d39-c35f-442b-b6b1-604b21fab880;1.352;-;not reliable identification;E1;54fe5b7a-b64b-463c-878c-8032e73eac4f;1.318;-;not reliable identification;E1;3ff0ed0e-a2e6-44bb-9114-9baef47c3061;1.24;-;not reliable identification;E1;9ed22935-de18-4c58-a031-93a1f19c67eb;1.206;-;not reliable identification;E1;3a941a0f-8b27-4c43-a8f2-53c930841546;1.195;-;not reliable identification;E1;beb8908e-b192-4e4f-89fc-7d0a02907def;1.195
MP_91364_ID1011026779;L-491 - Szint III. 491. tisztatér_2020-09-25;+;Corynebacterium tuberculostearicum;38304;6c73cb01-9b07-45f7-b882-76d9d483f0a6;1.962;+;Corynebacterium tuberculostearicum;38304;679f39d7-c7f7-48dd-9921-a0b21e5cf86e;1.762;+;Corynebacterium tuberculostearicum;38304;8e4456cc-da26-4e3f-9e34-116edce440ce;1.745;-;not reliable identification;E1;4ce8c582-09f6-420d-98d1-7e37b3560ebc;1.692;-;not reliable identification;E1;9bc4b60a-af5f-40a6-97de-a180ba336cff;1.561;-;not reliable identification;E1;ebeb5ea4-bb4d-4a1c-8b9d-109d705414ff;1.527;-;not reliable identification;E1;01cb9a01-c81d-418f-a5f1-4e03aee7f1df;1.466;-;not reliable identification;E1;3c1a0e40-454d-4d05-8202-0ce8792006ef;1.449;-;not reliable identification;E1;c6f43acb-c1f8-46cd-aab1-89caff31c4a3;1.381;-;not reliable identification;E1;5fb88683-4b70-4fbf-a660-44df5592cfff;1.275
MP_91365_ID1011026779;L-491 - Szint III. 491. tisztatér_2020-09-25;-;not reliable identification;E1;4ce8c582-09f6-420d-98d1-7e37b3560ebc;1.561;-;not reliable identification;E1;9bc4b60a-af5f-40a6-97de-a180ba336cff;1.545;-;not reliable identification;E1;6c73cb01-9b07-45f7-b882-76d9d483f0a6;1.4;-;not reliable identification;E1;3003aded-db96-485d-a6ec-e52271694307;1.343;-;not reliable identification;E1;83b57b1e-8315-4b65-8188-ed8ad3d228b5;1.315;-;not reliable identification;E1;f976bc10-88c6-4f3c-8043-4048338822ad;1.291;-;not reliable identification;E1;679f39d7-c7f7-48dd-9921-a0b21e5cf86e;1.275;-;not reliable identification;E1;6c5a3e71-d584-4504-81c0-3b35ba5c0e13;1.261;-;not reliable identification;E1;b9706911-2f6a-44e5-ad39-5fffa37ab0b5;1.258;-;not reliable identification;E1;71c2183d-426b-4e81-9406-f1ae16dff7d8;1.234
MP_91366_ID1011026779;L-491 - Szint III. 491. tisztatér_2020-09-25;+++;Staphylococcus epidermidis;1282;affdd5db-be8f-4ee6-b395-757b3b820a98;2.124;+;Staphylococcus epidermidis;1282;cbefbe40-89e4-438c-81ca-ac8d312eda6d;1.875;+;Staphylococcus epidermidis;1282;84f155e4-1600-46a5-afea-eafb27233290;1.844;+;Staphylococcus epidermidis;1282;d8f3d81b-5949-4fec-96db-056d2d22cab7;1.787;+;Staphylococcus epidermidis;1282;ca61ac93-70f3-4aba-a3cd-b69ba1df29c9;1.784;+;Staphylococcus epidermidis;1282;219bdfd0-cd3d-48ae-a3ed-1245691e8c9e;1.761;+;Staphylococcus epidermidis;1282;cf58e860-e8a8-42cb-9f41-cfea4536d54e;1.745;+;Staphylococcus epidermidis;1282;b487a1e3-895e-49ae-bc1c-e940757982cc;1.717;-;not reliable identification;E1;a117eb82-150b-4ff4-9168-bf5052681c4f;1.645;-;not reliable identification;E1;fc503196-43eb-4d43-ba09-406712713928;1.565
MP_91367_ID1011026779;L-491 - Szint III. 491. tisztatér_2020-09-25;+++;Staphylococcus hominis;1290;e42fa5b3-2a7d-46d6-b2e9-f55f49b91e95;2.04;+;Staphylococcus hominis;145391;7b34c231-ee3b-4b58-bf7f-80de1314ce76;1.998;+;Staphylococcus hominis;1290;605f3c45-5813-4f3b-a6b5-167657d17554;1.917;+;Staphylococcus hominis;145391;361808e4-83a8-45a7-9482-a3ab48717b0a;1.894;+;Staphylococcus hominis;145391;cb25c9df-d4c9-4510-9627-ac25c9d32102;1.86;+;Staphylococcus hominis;145393;5e23b082-76aa-4165-b045-a5d492cfc0f4;1.827;-;not reliable identification;E1;6dc4986b-ecd2-437c-8e4d-6d95b5336e8c;1.66;-;not reliable identification;E1;361b80ac-1418-46d5-8c97-b85bdffa2c3d;1.538;-;not reliable identification;E1;ea5a5ac9-9ac0-4140-9847-5ab41db0adcd;1.531;-;not reliable identification;E1;ad4829e0-beb1-4f06-9d16-e3bd1707afb2;1.521
MP_91368_ID1011026779;L-491 - Szint III. 491. tisztatér_2020-09-25;+++;Kocuria palustris;71999;9e275043-6236-4d45-8203-50fcdb7a7a38;2.019;+;Kocuria palustris;71999;be702eaa-16f2-4f27-9732-52a18462002f;1.821;+;Kocuria palustris;71999;6040b7dc-8e2e-44f3-89fe-35215fcb8da0;1.799;-;not reliable identification;E1;5e65298b-39e6-406e-98cd-5b46d9e396aa;1.668;-;not reliable identification;E1;d178c822-2c60-497e-a3c7-c62156fabfa2;1.538;-;not reliable identification;E1;ed118723-9b6f-4c02-a417-6cd853e69d19;1.378;-;not reliable identification;E1;dda28b82-f265-4185-884c-848b75287506;1.35;-;not reliable identification;E1;abd230a1-4164-4099-8f73-8a116375afae;1.339;-;not reliable identification;E1;cdd4797e-1dac-42df-80cb-716d3583ce4f;1.256;-;not reliable identification;E1;c2752e1a-1708-4a22-ba59-74d426bed1ec;1.253
MP_91369_ID1011026779;L-491 - Szint III. 491. tisztatér_2020-09-25;+++;Bacillus subtilis;1423;23ce2a7b-23cc-4863-af14-3101f6525821;2.122;+++;Bacillus subtilis;1423;286b7fb1-e136-4ebf-9b0b-71da8923f4cb;2.06;+++;Bacillus subtilis;135461;78746211-3f33-4ac4-9ec0-b20be357a00c;2.021;+++;Bacillus subtilis;135461;f14cb980-2d14-4686-80ea-896d3f4f576c;2.017;+;Bacillus subtilis;96241;66e762b0-671a-4299-b71d-f78c15eb59fe;1.858;+;Bacillus subtilis;96241;c95906fd-5b1d-4cb3-8bd0-e1757da57032;1.837;+;Bacillus mojavensis;72360;cb7d690b-1795-4d9f-8ee4-1576a55c9d4d;1.819;-;not reliable identification;E1;c581ff6c-a6dc-4c6d-b54d-cd208808f2a5;1.663;-;not reliable identification;E1;8fc0b3ad-e20d-49ef-a66b-1db8316f41b4;1.642;-;not reliable identification;E1;88056f74-d73a-469e-be12-b3f1c2bc95e4;1.635
MP_91370_ID1011026779;DMHL - Dorogi Mikrobiológiai és Higiénés Labor_2020-09-25;-;not reliable identification;E1;2b1dd115-6b99-4a64-a43c-47e764ed3e1a;1.369;-;not reliable identification;E1;9da18f4b-1a00-4aac-906a-c651fa3ae59b;1.322;-;not reliable identification;E1;3df5c25b-0d2b-42a6-a2a8-6b80a2612e3c;1.299;-;not reliable identification;E1;bfcd5f3d-e59d-40cb-bd6b-af97a3ce7511;1.298;-;not reliable identification;E1;c9428a16-6064-48d5-a6ab-1bddd4d1ffbc;1.271;-;not reliable identification;E1;687e9f4b-2bba-406e-b089-14db8183ff00;1.253;-;not reliable identification;E1;b2bfdad8-c9f0-4210-9890-76cb75e5cdaa;1.239;-;not reliable identification;E1;12486f06-3abc-4c64-a35e-f33002b47178;1.235;-;not reliable identification;E1;13a7f9d9-6248-415b-bb12-ca4fe9082a8c;1.216;-;not reliable identification;E1;ca8be550-5d4d-429b-8eb1-882f2d34b16a;1.212
MP_91371_ID1011026779;DMHL - Dorogi Mikrobiológiai és Higiénés Labor_2020-09-25;-;not reliable identification;E1;c1e46377-c837-44f4-ae7b-26beed60caf2;1.194;-;not reliable identification;E1;163dad8c-3bca-425b-ba12-f3c4982b115a;1.191;-;not reliable identification;E1;539b7368-756a-44a5-8b32-6f29ee4545c6;1.188;-;not reliable identification;E1;0be72c02-6777-4bbe-8817-1ff818bc27b9;1.174;-;not reliable identification;E1;d8e6e1ff-c58c-4ec2-b7de-992f82e3ade5;1.173;-;not reliable identification;E1;44520d14-3f11-49a2-89cc-2860f4d7dd8b;1.166;-;not reliable identification;E1;44a0a862-022e-4182-92d4-02cd4beec9aa;1.165;-;not reliable identification;E1;8698c380-0cc8-4b9b-b74a-345a03e1b701;1.157;-;not reliable identification;E1;db142453-ce6e-40a0-a8b1-d865fca6d86d;1.152;-;not reliable identification;E1;b8c3657c-5942-4f89-9101-6d21a3298ade;1.152
MP_91372_ID1011026779;DMHL - Dorogi Mikrobiológiai és Higiénés Labor_2020-09-25;+++;Paenibacillus urinalis;44249;9fd157a7-7f5b-4714-8efa-3710152dae49;2.207;+++;Paenibacillus urinalis;44249;a8ffa8e0-dbd2-46b0-bae6-ddd2c3fd56e4;2.11;+;Paenibacillus urinalis;44249;454489ec-1051-41ae-ab31-abfc17003a15;1.897;+;Paenibacillus urinalis;44249;401e414a-712d-4d2d-bdd8-8e8e7abc0a85;1.838;+;Paenibacillus urinalis;44249;9a8e2852-550c-4b40-bf4c-8c03702d4b76;1.766;+;Paenibacillus sp;44249;c1e46377-c837-44f4-ae7b-26beed60caf2;1.717;-;not reliable identification;E1;b349d30b-8e91-48b0-a255-f566111301f3;1.215;-;not reliable identification;E1;50d8e92e-1b70-4705-a61c-d058474aaed4;1.2;-;not reliable identification;E1;9cfbf1ac-9b57-415a-a348-07b10213315a;1.168;-;not reliable identification;E1;f4faef7d-8ab5-4e82-8d77-7672ed15f050;1.166
MP_91373_ID1011026779;DMHL - Dorogi Mikrobiológiai és Higiénés Labor_2020-09-25;+++;Paenibacillus urinalis;44249;9fd157a7-7f5b-4714-8efa-3710152dae49;2.158;+++;Paenibacillus urinalis;44249;9a8e2852-550c-4b40-bf4c-8c03702d4b76;2.127;+++;Paenibacillus urinalis;44249;401e414a-712d-4d2d-bdd8-8e8e7abc0a85;2.063;+++;Paenibacillus urinalis;44249;a8ffa8e0-dbd2-46b0-bae6-ddd2c3fd56e4;2.007;+;Paenibacillus urinalis;44249;454489ec-1051-41ae-ab31-abfc17003a15;1.789;-;not reliable identification;E1;c1e46377-c837-44f4-ae7b-26beed60caf2;1.672;-;not reliable identification;E1;75bdc180-397c-424e-a72d-f2847cab40d0;1.554;-;not reliable identification;E1;88e98d1b-2e65-4d96-9dc4-6c9309f93fc0;1.355;-;not reliable identification;E1;c18db7cc-676f-4001-aed7-5b8fca36b220;1.349;-;not reliable identification;E1;194bb726-94d3-4172-844c-0cb2a2a2f161;1.308
MP_91374_ID1011026779;DMHL - Dorogi Mikrobiológiai és Higiénés Labor_2020-09-25;+++;Corynebacterium tuberculostearicum;38304;679f39d7-c7f7-48dd-9921-a0b21e5cf86e;2.159;+++;Corynebacterium tuberculostearicum;38304;4ce8c582-09f6-420d-98d1-7e37b3560ebc;2.035;+++;Corynebacterium tuberculostearicum;38304;6c73cb01-9b07-45f7-b882-76d9d483f0a6;2.01;+;Corynebacterium tuberculostearicum;38304;8e4456cc-da26-4e3f-9e34-116edce440ce;1.869;+;Corynebacterium tuberculostearicum;38304;9bc4b60a-af5f-40a6-97de-a180ba336cff;1.824;-;not reliable identification;E1;01cb9a01-c81d-418f-a5f1-4e03aee7f1df;1.503;-;not reliable identification;E1;c6f43acb-c1f8-46cd-aab1-89caff31c4a3;1.443;-;not reliable identification;E1;be6785c3-69ed-4b66-b78c-ad407480b745;1.412;-;not reliable identification;E1;254daf9c-2595-4155-9c55-b2c0acba874c;1.4;-;not reliable identification;E1;3003aded-db96-485d-a6ec-e52271694307;1.383
MP_91375_ID1011026779;DMHL - Dorogi Mikrobiológiai és Higiénés Labor_2020-09-25;+++;Micrococcus luteus;1270;8a9c776c-2313-4855-8887-5aff2ca98ff9;2.267;+++;Micrococcus luteus;1270;beec53ae-2e07-4400-8077-cd2fbf74766f;2.196;+++;Micrococcus luteus;1270;9e126652-4575-4da4-99b5-5f8495523218;2.152;+++;Micrococcus luteus;1270;03baea4f-ab2e-41fa-b92c-57426f337467;2.1;+++;Micrococcus luteus;1270;70588a60-89e1-4f56-9f47-3c2ac3b9032d;2.063;+++;Micrococcus luteus;1270;df205b83-8258-4046-aa99-d71c818c6628;2.011;+;Micrococcus luteus;1270;6ed61691-9887-4655-a4a7-2fbbc2bc9d05;1.94;+;Micrococcus luteus;1270;b8c350c2-ef58-45bd-bd2e-cb21c4978e0d;1.88;+;Micrococcus luteus;1270;7e64b71c-e9cd-4869-8f9d-4fa2b2e86d5b;1.803;+;Micrococcus luteus;1270;a4ed63bb-50dc-409f-a34d-d85c8ca123be;1.715
MP_91376_ID1011026779;DMHL - Dorogi Mikrobiológiai és Higiénés Labor_2020-09-25;+++;Micrococcus flavus;1269;737b3ace-5efe-4b6a-ab5b-76dc460e5c09;2.285;+;Micrococcus flavus;1269;c493212e-5fb9-415b-b29a-1974b3479f7d;1.921;+;Micrococcus flavus;1269;82526e65-b5e3-4373-8378-c32128967749;1.873;-;not reliable identification;E1;dbea6278-cf1b-4771-b5d7-6228b952129d;1.192;-;not reliable identification;E1;14258c90-6d8e-4d03-baf6-217acf924250;1.175;-;not reliable identification;E1;5d403abd-4066-46c1-8ed9-b42dab904a8f;1.08;-;not reliable identification;E1;a1beecd3-93e2-420d-8a27-3727d1767331;1.068;-;not reliable identification;E1;2f02b6be-836b-42af-aab3-4c4555b7581b;1.044;-;not reliable identification;E1;7e966f8d-6cf5-4c8f-8e65-d514e159a22e;1.032;-;not reliable identification;E1;d60e7ee1-64f3-433e-9971-17be7d9c21bd;1.026
MP_91377_ID1011026779;DMHL - Dorogi Mikrobiológiai és Higiénés Labor_2020-09-25;-;not reliable identification;E1;6929a026-eaee-46c9-921f-189f438c83fe;1.275;-;not reliable identification;E1;a05b1150-dcb2-4af8-a5d7-5a0d45faa5c0;1.266;-;not reliable identification;E1;44edaec1-23a9-451f-a7cc-16feea95c104;1.137;-;not reliable identification;E1;5dec32c5-8db9-4d9f-a998-739f441cb624;1.125;-;not reliable identification;E1;17d1bde1-8efe-49b3-adad-5fd29198dc73;1.111;-;not reliable identification;E1;8e4456cc-da26-4e3f-9e34-116edce440ce;1.105;-;not reliable identification;E1;15b503e0-7db0-4a37-8e0e-2e4e8b286316;1.092;-;not reliable identification;E1;fb51f577-346e-4a17-8fa6-10486f2861d2;1.075;-;not reliable identification;E1;19356a12-e2e5-4395-9658-f2d18f9f52d3;1.065;-;not reliable identification;E1;7dffe7f8-b8ae-4c70-be81-1b911274f2f9;1.057
MP_91378_ID1011026779;DMHL - Dorogi Mikrobiológiai és Higiénés Labor_2020-09-25;+;Staphylococcus xylosus;1288;6cded61b-80af-4a13-b8f8-ccc6d61e07bc;1.811;-;not reliable identification;E1;2c6f2c33-a803-4e7e-b851-32052f90e808;1.675;-;not reliable identification;E1;c8c3102f-a402-4b68-a957-81c2ed0badb5;1.594;-;not reliable identification;E1;8fb18abc-00cf-4cd3-aa8c-dc5f90de0783;1.559;-;not reliable identification;E1;e11cc93a-9725-4faf-9bf3-34c7b218966a;1.45;-;not reliable identification;E1;f8fbd798-3d89-4285-8876-2a753ef1598d;1.285;-;not reliable identification;E1;d3f248e3-88aa-4cb6-a700-9dc32e590b22;1.268;-;not reliable identification;E1;b73333c2-2893-4d8e-b7ed-26b1a699bf1e;1.261;-;not reliable identification;E1;41e1a0a1-2274-4b67-a6d6-c9c8caa20979;1.239;-;not reliable identification;E1;479c582a-9cc0-4de2-8530-02a5146f70f5;1.23
MP_91379_ID1011026779;DMHL - Dorogi Mikrobiológiai és Higiénés Labor_2020-09-25;+;Staphylococcus epidermidis;1282;affdd5db-be8f-4ee6-b395-757b3b820a98;1.984;+;Staphylococcus epidermidis;1282;ca61ac93-70f3-4aba-a3cd-b69ba1df29c9;1.873;+;Staphylococcus epidermidis;1282;219bdfd0-cd3d-48ae-a3ed-1245691e8c9e;1.795;+;Staphylococcus epidermidis;1282;cf58e860-e8a8-42cb-9f41-cfea4536d54e;1.755;+;Staphylococcus epidermidis;1282;d8f3d81b-5949-4fec-96db-056d2d22cab7;1.747;-;not reliable identification;E1;84f155e4-1600-46a5-afea-eafb27233290;1.695;-;not reliable identification;E1;b487a1e3-895e-49ae-bc1c-e940757982cc;1.635;-;not reliable identification;E1;fc503196-43eb-4d43-ba09-406712713928;1.633;-;not reliable identification;E1;cbefbe40-89e4-438c-81ca-ac8d312eda6d;1.62;-;not reliable identification;E1;a117eb82-150b-4ff4-9168-bf5052681c4f;1.494
MP_91380_ID1011026779;DMHL - Dorogi Mikrobiológiai és Higiénés Labor_2020-09-25;-;not reliable identification;E1;3f60fc10-0a30-4716-bf82-4d98bc19e3d1;1.439;-;not reliable identification;E1;cfc12ff5-0a4e-4528-81e5-b5876168422b;1.331;-;not reliable identification;E1;02ac696d-c0aa-46f5-b24d-cedfa91f035a;1.272;-;not reliable identification;E1;5022beca-0d8f-465f-86dd-db488f0d5815;1.231;-;not reliable identification;E1;19f57efd-fb47-4be0-87bc-9cb2d389041f;1.228;-;not reliable identification;E1;e53a4d73-ebee-4f2b-abbf-e6521becd2d5;1.218;-;not reliable identification;E1;a1db9dca-d1a6-4640-b547-62de8f7f65f3;1.211;-;not reliable identification;E1;17db95f2-981a-400e-9dbd-4fbb78a64129;1.203;-;not reliable identification;E1;68684306-9e2e-4700-a086-dbe96db3c698;1.2;-;not reliable identification;E1;30098b0f-312a-44ce-a1a9-34b44eb3694c;1.2
MP_91381_ID1011026779;DMHL - Dorogi Mikrobiológiai és Higiénés Labor_2020-09-25;-;not reliable identification;E1;139765b0-67de-41eb-b76b-2956a8aaaee0;1.13;-;not reliable identification;E1;868c0c6a-4571-4b43-b104-64592868bdfb;1.07;-;not reliable identification;E1;48a9b33c-e9d6-4050-a067-24f833f2407b;1.061;-;not reliable identification;E1;261127eb-596b-424a-b4dd-2922eb7b112f;1.053;-;not reliable identification;E1;df2cf219-e327-4ebc-b9f3-0d3680b688c4;1.043;-;not reliable identification;E1;0542892c-7261-486f-a5a3-38b32089c36f;1.028;-;not reliable identification;E1;0e635c03-8408-4377-9cee-75f3a9e21384;1.027;-;not reliable identification;E1;2da933f8-9e56-4cc4-82b0-c2d73f825415;0.996;-;not reliable identification;E1;2c317205-1a3a-4916-8a5e-16c661ee626a;0.978;-;not reliable identification;E1;97f82085-5355-460d-99db-6827ccb9feaa;0.975
MP_91382_ID1011026779;L-491 - Szint III. 491. tisztatér_2020-09-25;+++;Rhizopus oryzae;64495;6c2eb71f-f261-414b-b933-b187c5e48e82;2.019;+;Rhizopus oryzae;64495;3001dff5-ac03-4c64-b355-aaaba862f1d7;1.975;+;Rhizopus oryzae;64495;6b5f5854-ead7-4f90-a695-c88dc76d416f;1.897;-;not reliable identification;E1;9b202a11-8ea7-4c46-b1d6-2fc21dd16d33;1.232;-;not reliable identification;E1;6a832b8b-4628-4f87-8a34-dc71d4b8cc1f;1.228;-;not reliable identification;E1;768bc5ff-acbe-42ac-b311-f715d27ae5e2;1.203;-;not reliable identification;E1;b86dd71e-1d29-4e7d-b8fa-085e664a141d;1.198;-;not reliable identification;E1;11eb7558-4a8d-4587-b155-e1810a4f09bc;1.197;-;not reliable identification;E1;d4724879-a282-4e6d-acea-92d123b0d5c2;1.19;-;not reliable identification;E1;843ebf41-1dd5-4a0b-b33d-c39fc6f19801;1.186
MP_91383_ID1011026779;S-1_1 - Szint I. 1 tisztatér KASP_2020-09-24;+;Staphylococcus epidermidis;1282;ca61ac93-70f3-4aba-a3cd-b69ba1df29c9;1.993;+;Staphylococcus epidermidis;1282;219bdfd0-cd3d-48ae-a3ed-1245691e8c9e;1.83;+;Staphylococcus epidermidis;1282;cf58e860-e8a8-42cb-9f41-cfea4536d54e;1.823;+;Staphylococcus epidermidis;1282;fc503196-43eb-4d43-ba09-406712713928;1.799;+;Staphylococcus epidermidis;1282;affdd5db-be8f-4ee6-b395-757b3b820a98;1.748;+;Staphylococcus epidermidis;1282;84f155e4-1600-46a5-afea-eafb27233290;1.718;-;not reliable identification;E1;30e0768a-9e7f-4c3c-ad1f-471557c50943;1.654;-;not reliable identification;E1;d8f3d81b-5949-4fec-96db-056d2d22cab7;1.598;-;not reliable identification;E1;d43baae2-a806-4825-8ebb-3ecd33e22b5c;1.586;-;not reliable identification;E1;ad4829e0-beb1-4f06-9d16-e3bd1707afb2;1.586
MP_91384_ID1011026779;S-2 - SzintI. 2. tisztatér_2020-09-23;+++;Alternaria alternata;5599;eeb74740-dd3d-430a-99b1-1b2b4e272d81;2.118;+++;Alternaria alternata;5599;93dee10b-afe8-462a-8936-2d9d41e9bcb7;2.093;+++;Alternaria alternata;5599;b065c331-8ce6-4c9f-b850-32ad9e0656b2;2.067;+++;Alternaria alternata;5599;7a5d3adf-2db1-4c35-8647-948f9dafcbac;2.046;+;Alternaria alternata;5599;5a23e813-ff4a-41b2-9580-685c5052edaa;1.975;-;not reliable identification;E1;7e05b806-a52b-4b21-bdf9-6dc5a4d8fb5c;1.393;-;not reliable identification;E1;b14ce8a8-56b6-4918-9c5e-d7a94246693a;1.367;-;not reliable identification;E1;7e13cc64-62d9-4acc-8842-b1e66f887681;1.321;-;not reliable identification;E1;d805946b-847c-49a6-8cf4-58aa75c90df0;1.239;-;not reliable identification;E1;6dc4986b-ecd2-437c-8e4d-6d95b5336e8c;1.211
MP_91385_ID1011026779;S-2 - SzintI. 2. tisztatér_2020-09-23;+++;Alternaria alternata;5599;7a5d3adf-2db1-4c35-8647-948f9dafcbac;2.048;+;Alternaria alternata;5599;5a23e813-ff4a-41b2-9580-685c5052edaa;1.918;+;Alternaria alternata;5599;93dee10b-afe8-462a-8936-2d9d41e9bcb7;1.886;+;Alternaria alternata;5599;b065c331-8ce6-4c9f-b850-32ad9e0656b2;1.846;+;Alternaria alternata;5599;eeb74740-dd3d-430a-99b1-1b2b4e272d81;1.791;-;not reliable identification;E1;b14ce8a8-56b6-4918-9c5e-d7a94246693a;1.386;-;not reliable identification;E1;7e05b806-a52b-4b21-bdf9-6dc5a4d8fb5c;1.33;-;not reliable identification;E1;9a917278-1c2b-4e4e-9874-63d683ed0854;1.315;-;not reliable identification;E1;0d3d7151-7d8c-4d56-bcc6-b88f866265bd;1.263;-;not reliable identification;E1;72a2d50c-5704-428d-bb1e-59e407591a76;1.237
MP_91386_ID1011026779;L-491 - Szint III. 491. tisztatér_2020-09-25;+++;Pseudomonas luteola;47886;fdf45504-d55a-4734-b0d3-aef15a065721;2.188;+++;Pseudomonas luteola;47886;c53413b2-0e2b-422a-ac19-df99f71c0bff;2.163;-;not reliable identification;E1;6941b927-f4c3-4673-bc2e-5350ab628f14;1.67;-;not reliable identification;E1;76b74b3c-2e7b-4bb0-b2d2-7930efb309ab;1.322;-;not reliable identification;E1;79eb4c34-9643-4531-8a1d-bbaea8ec0ed1;1.248;-;not reliable identification;E1;7b69d594-05e1-46ef-bc8a-29d30989694c;1.232;-;not reliable identification;E1;7155864d-cc48-4811-b9a4-67089aba98db;1.229;-;not reliable identification;E1;882163cc-da72-415c-b3aa-bae224dfc66f;1.223;-;not reliable identification;E1;a9e948a5-cf46-4296-a3fd-422ae9b7f646;1.198;-;not reliable identification;E1;08da58a3-6529-4191-89ec-f1c40edf1cef;1.198
MP_91387_ID1011026779;L-491 - Szint III. 491. tisztatér_2020-09-25;-;no peaks found;E2;;0
MP_91388_ID1011026779;L-491 - Szint III. 491. tisztatér_2020-09-25;-;no peaks found;E2;;0
