MP_15282_ID1011026779;Proteus vulgaris;2.532;
MP_15283_ID1011026779;Proteus vulgaris;2.493;
MP_15284_ID1011026779;Kocuria kristinae;2.319;
MP_15285_ID1011026779;Kocuria kristinae;2.426;
MP_15286_ID1011026779;Staphylococcus sciuri;2.345;
MP_15287_ID1011026779;Streptococcus equi_ssp_zooepidemicus;2.582;
MP_15288_ID1011026779;Penicillium chrysogenum;1.841;
MP_15289_ID1011026779;Micrococcus luteus;2.435;
MP_15290_ID1011026779;Candida albicans;1.766;
MP_15291_ID1011026779;Streptococcus salivarius;2.241;
MP_15292_ID1011026779;Staphylococcus epidermidis;2.014;
MP_15293_ID1011026779;Paenibacillus thiaminolyticus;2.313;
MP_15294_ID1011026779;Staphylococcus epidermidis;2.031;
MP_15295_ID1011026779;Herbaspirillum huttiense;2.382;
MP_15296_ID1011026779;Paenibacillus illinoisensis;2.115;
MP_15297_ID1011026779;Burkholderia cepacia;2.266;
MP_15298_ID1011026779;Micrococcus luteus;2.188;
MP_15299_ID1011026779;Staphylococcus haemolyticus;2.087;
MP_15300_ID1011026779;Methylobacterium radiotolerans;1.981;
MP_15301_ID1011026779;Staphylococcus haemolyticus;1.951;
MP_15302_ID1011026779;Staphylococcus warneri;2.049;
MP_15303_ID1011026779;not reliable identification;1.145;
MP_15304_ID1011026779;Candida lusitaniae;2.133;
MP_15305_ID1011026779;Escherichia coli;2.365;
MP_15306_ID1011026779;Pseudomonas aeruginosa;2.348;
MP_15307_ID1011026779;Bacillus oceanisediminis;2.316;
MP_15308_ID1011026779;not reliable identification;1.678;
MP_15309_ID1011026779;Bacillus mojavensis;2.006;
MP_15310_ID1011026779;Bacillus oceanisediminis;2.269;
MP_15311_ID1011026779;Micrococcus luteus;2.294;
MP_15312_ID1011026779;Micrococcus luteus;2.294;
MP_15313_ID1011026779;Ralstonia pickettii;2.421;
MP_15314_ID1011026779;Kocuria rhizophila;1.84;
MP_15315_ID1011026779;Micrococcus luteus;2.127;
MP_15316_ID1011026779;Kocuria rhizophila;2.023;
MP_15317_ID1011026779;not reliable identification;1.452;
MP_15318_ID1011026779;Micrococcus luteus;2.33;
MP_15319_ID1011026779;Burkholderia cepacia;1.803;
MP_15320_ID1011026779;no peaks found;0;
MP_15321_ID1011026779;not reliable identification;1.462;
MP_15322_ID1011026779;no peaks found;0;
MP_15323_ID1011026779;Burkholderia pyrrocinia;1.767;
MP_15324_ID1011026779;Aspergillus niger;2.373;
MP_15325_ID1011026779;Pseudomonas aeruginosa;2.358;
MP_15326_ID1011026779;Escherichia coli;1.999;
MP_15327_ID1011026779;Staphylococcus aureus;1.871;
MP_15328_ID1011026779;Micrococcus luteus;2.235;
MP_15329_ID1011026779;Fictibacillus arsenicus;2.053;
MP_15330_ID1011026779;Candida parapsilosis;2.219;
MP_15331_ID1011026779;Staphylococcus epidermidis;2.165;
MP_15332_ID1011026779;Staphylococcus warneri;2.097;
MP_15333_ID1011026779;Kocuria rhizophila;1.875;
