MP_15188_ID1011025858;Rothia dentocariosa;2.063;
MP_15189_ID1011025858;not reliable identification;1.292;
MP_15190_ID1011025858;not reliable identification;1.419;
MP_15191_ID1011025858;Staphylococcus epidermidis;2.222;
MP_15192_ID1011025858;Staphylococcus haemolyticus;2.269;
MP_15193_ID1011025858;Bacillus subtilis;2.056;
MP_15194_ID1011025858;Enterococcus faecalis;2.345;
MP_15195_ID1011025858;Staphylococcus capitis;2.207;
MP_15196_ID1011025858;Staphylococcus warneri;2.169;
MP_15197_ID1011025858;Staphylococcus hominis;2.207;
MP_15198_ID1011025858;Staphylococcus capitis;2.141;
MP_15199_ID1011025858;Ralstonia pickettii;2.541;
MP_15200_ID1011025858;not reliable identification;1.559;
MP_15201_ID1011025858;not reliable identification;1.369;
MP_15202_ID1011025858;Ralstonia pickettii;2.363;
MP_15203_ID1011025858;Ralstonia pickettii;2.387;
MP_15204_ID1011025858;Ralstonia pickettii;2.236;
MP_15205_ID1011025858;Ralstonia pickettii;2.154;
MP_15206_ID1011025858;not reliable identification;1.443;
MP_15207_ID1011025858;not reliable identification;1.385;
MP_15208_ID1011025858;not reliable identification;1.384;
MP_15209_ID1011025858;Methylobacterium rhodesianum;1.98;
MP_15210_ID1011025858;Corynebacterium mucifaciens;1.95;
MP_15211_ID1011025858;Corynebacterium mucifaciens;2.074;
MP_15212_ID1011025858;Pseudomonas aeruginosa;2.348;
MP_15213_ID1011025858;Bacillus oceanisediminis;2.316;
MP_15214_ID1011025858;not reliable identification;1.678;
MP_15215_ID1011025858;Bacillus mojavensis;2.006;
MP_15216_ID1011025858;Bacillus oceanisediminis;2.269;
